Plant,PN_Source,PN_Target
2000,500-5059,500-5057
2000,500-5060,500-5056
2000,500-5060,500-5057
2000,500-5060,500-5059
2000,500-5196,500-4692
2000,500-5225,500-5212
2000,500-5225,500-3206
2000,500-5225,500-3888
2000,500-5225,500-3231
2000,500-5225,500-3909
2000,500-5225,500-3259
2000,500-5281,500-4292
2000,500-5281,500-4624
2000,500-5282,500-4623
2000,500-5282,500-3776-02
2000,500-5282,500-4164-02
2000,500-5282,500-4216
2000,500-5282,500-5387
2000,500-5387,500-3776-02
2000,500-5392,500-5481
2000,500-5423,500-5057
2000,500-5423,500-5056
2000,500-5499,500-4516
2000,500-5522,500-5988
2000,500-5522,500-5492
2000,500-5522,500-5594
2000,500-5523,500-4640
2000,500-5529,500-5595
2000,500-5529,500-5596
2000,500-5550,500-6285
2000,500-5550,500-4956
2000,500-5550,500-7041
2000,500-5594,500-4955
2000,500-5594,500-4925
2000,500-5595,500-4956
2000,500-5595,500-5596
2000,500-5595,500-4957
2000,500-5595,500-6204
2000,500-5596,500-5595
2000,500-5773,500-4957
2000,500-5773,500-7041
2000,500-5773,500-5595
2000,500-5773,500-4912
2000,500-5773,500-6204
2000,500-5854,500-6204
2000,500-5988,500-5594
2000,500-5988,500-4925
2000,500-5988,500-5586
2000,500-5988,500-5522
2000,500-5988,500-4955
2000,500-5988,500-6336
2000,500-5989,500-5384
2000,500-5990,500-5384
2000,500-6015,500-5909
2000,500-6015,500-6011
2000,500-6015,500-5647
2000,500-6016,500-5910
2000,500-6016,500-6012
2000,500-6028,500-6448
2000,500-6059,500-6201
2000,500-6160,500-4793
2000,500-6160,500-4792
2000,500-6160,500-4794
2000,500-6160,500-4791
2000,500-6161,500-6160
2000,500-6161,500-4792
2000,500-6161,500-4793
2000,500-6161,500-4791
2000,500-6204,500-5854
2000,500-6204,500-4957
2000,500-6204,500-5550
2000,500-6204,500-5595
2000,500-6204,500-4912
2000,500-6204,500-6285
2000,500-6240,500-4956
2000,500-6240,500-4912
2000,500-6266,500-5059
2000,500-6266,500-5057
2000,500-6266,500-4692
2000,500-6266,500-5056
2000,500-6267,500-5056
2000,500-6267,500-5057
2000,500-6267,500-6266
2000,500-6285,500-5550
2000,500-6285,500-4956
2000,500-6285,500-7041
2000,500-6285,500-4957
2000,500-6285,500-7756
2000,500-6306,500-6028
2000,500-6336,500-5522
2000,500-6417,500-7064
2000,500-6417,500-6420
2000,500-6420,500-6417
2000,500-6420,500-6421
2000,500-6420,500-7064
2000,500-6421,500-6417
2000,500-6433,500-6212
2000,500-6448,500-6028
2000,500-6448,500-6803
2000,500-6485,500-6028
1000,500-6357-003,500-4961-003
1000,500-6357-007,500-4961-007
1000,500-6357-010,500-4961-010
1000,500-6357-020,500-4961-020
1000,500-6393,500-5275
1000,500-6394-002,500-6159-002
1000,500-6394-003,500-6159-003
1000,500-6394-010,500-6159-010
1000,500-6417,500-6209
1000,500-6417,500-6278
1000,500-6420,500-6209
1000,500-6420,500-6417
1000,500-6420,500-6278
1000,500-6433,500-6212
1000,500-6448,500-6028
1000,500-6496,500-4925
1000,500-6512,500-6496
1000,500-6513,500-6277
1000,500-6513,500-6212
1000,500-6570,500-4067-02
1000,500-6575,500-5274
1000,500-6650,500-5359
1000,500-6681,500-5384
1000,500-7073,500-7072
1000,502-1612-XXX,504-1569
1000,502-1612-XXX,504-2000
1000,502-1621,504-1570
1000,502-2003,500-5787
1000,502-2025,500-5787
1000,502-2304,500-4957
1000,502-2338,504-1820
1000,502-2338,504-1821
1000,502-2590,504-1936
1000,502-2638,504-1975
1000,502-2638,504-1976
2000,500-3344,500-3480
2000,500-3394,500-3490
2000,500-3394,500-3633
2000,500-3394,500-3820
2000,500-3394,500-4110
2000,500-3776-02,500-5281
2000,500-3776-02,500-5282
2000,500-3776-02,500-4483
2000,500-3776-02,500-4623
2000,500-3776-02,500-4835
2000,500-3776-02,500-4190
2000,500-3776-02,500-3972-02
2000,500-3918,500-4611
2000,500-3972-02,500-5282
2000,500-3972-02,500-4587
2000,500-3972-02,500-4640
2000,500-3972-02,500-4752
2000,500-3972-02,500-4793
2000,500-3972-02,500-4794
2000,500-3972-02,500-4639
2000,500-3972-02,500-4190
2000,500-3972-02,500-3776-02
2000,500-4042,500-3812-02
2000,500-4054,500-3909
2000,500-4054,500-4171
2000,500-4054,500-3259
2000,500-4066-02,500-4067-02
2000,500-4067-02,500-4066-02
2000,500-4190,500-3776-02
2000,500-4212,500-4483
2000,500-4216,500-4164-02
2000,500-4292,500-5281
2000,500-4292,500-4703
2000,500-4292,500-4888
2000,500-4292,500-4624
2000,500-4292,500-4693
2000,500-4292,500-5603
2000,500-4292,500-3886
2000,500-4293,500-5281
2000,500-4293,500-7041
2000,500-4293,500-6285
2000,500-4293,500-4292
2000,500-4324,500-4325
2000,500-4325,500-4324
2000,500-4327,500-4292
2000,500-4327,500-3886
2000,500-4342,500-4292
2000,500-4378,500-4611
2000,500-6496,500-4925
2000,500-6681,500-5384
2000,500-6726,500-3186
2000,500-6803,500-6448
2000,500-6803,500-6028
2000,500-6912,500-4292
2000,500-6984,500-4292
2000,500-7041,500-6285
2000,500-7041,500-4956
2000,500-7041,500-7756
2000,500-7064,500-6417
2000,500-7072,500-7073
2000,502-2304,500-5529
2000,502-2308,504-1821
2000,502-2308,504-1973
2000,502-2308,504-1972
5000,562-0100,503-0084-ID
1000,500-4794,500-4793
1000,500-4794,500-4791
1000,500-4794,500-4639
1000,500-4835,500-4640
1000,500-4853,500-3231
1000,500-4912,500-4956
1000,500-4912,500-6285
1000,500-4912,500-5854
1000,500-4912,500-6035
1000,500-4925,500-4954
1000,500-4925,500-5586
1000,500-4925,500-5594
1000,500-4925,500-4955
1000,500-4954,500-5987
1000,500-4955,500-5586
1000,500-4955,500-5851
1000,500-4955,500-5988
1000,500-4955,500-4925
1000,500-4957,500-6204
1000,500-4957,500-4956
1000,500-4961-003,500-6357-003
1000,500-5022,500-3344
1000,500-5056,500-5423
1000,500-5056,500-4692
1000,500-5056,500-5057
1000,500-5056,500-5059
1000,500-5056,500-6038
1000,500-5059,500-5057
1000,500-5060,500-5056
1000,500-5197,500-4640
1000,500-5212,500-5225
1000,500-5281,500-4292
1000,500-5282,500-4294-02
1000,500-5282,500-3979-02
1000,500-5282,500-3981-02
1000,500-5282,500-4626
1000,500-5384,500-3909
1000,500-5384,500-5989
1000,500-5387,500-4623
1000,500-5391-001,500-5495-001
1000,500-5391-002,500-5495-002
1000,500-5391-003,500-5495-003
1000,500-5391-005,500-5495-005
1000,500-5391-007,500-5495-007
1000,500-5391-010,500-5495-010
1000,500-5391-010,503-0033-010-IW
1000,500-5391-015,500-5495-015
2000,500-4378,500-4672
2000,500-4561,500-4640
2000,500-4561,500-4639
2000,500-4561,500-4752
2000,500-4561,500-7073
2000,500-4562,500-4639
2000,500-4562,500-5010
2000,500-4587,500-3776-02
2000,500-4611,500-3918
2000,500-4611,500-4672
2000,500-4611,500-4040
2000,500-4672,500-4611
2000,500-4672,500-4378
2000,500-4692,500-5057
2000,500-4692,500-5060
2000,500-4692,500-6266
2000,500-4693,500-4890
2000,500-4709,500-4292
2000,500-4791,500-4793
2000,500-4791,500-4640
2000,500-4792,500-4793
2000,500-4792,500-4640
2000,500-4793,500-4791
2000,500-4793,500-4640
2000,500-4794,500-4793
2000,500-4794,500-4791
2000,500-4794,500-6160
2000,500-4794,500-4792
2000,500-4888,500-4292
2000,500-4888,500-3886
2000,500-4888,500-5281
2000,500-4889,500-5282
2000,500-4889,500-3776-02
2000,500-4912,500-6240
2000,500-4912,500-6204
2000,500-4912,500-5596
2000,500-4912,500-5595
2000,500-4912,500-4957
2000,500-4925,500-5594
2000,500-4925,500-5988
2000,500-4955,500-5594
2000,500-4957,500-5773
2000,500-4957,500-5595
2000,500-4957,500-6285
2000,500-4957,500-7041
2000,500-4957,500-6204
2000,500-4973,500-5610
2000,500-5056,500-5059
2000,500-5056,500-5057
2000,500-5057,500-5056
2000,500-5057,500-5059
2000,500-5057,500-5060
2000,500-5057,500-6266
1000,500-3186,500-5099
1000,500-3186,500-3494
1000,500-3209,500-3344
1000,500-3231,500-4853
1000,500-3245,500-3664
1000,500-3245,500-3335
1000,500-3264-007,500-3265-007
1000,500-3264-010,500-3265-010
1000,500-3264-020,500-3265-020
1000,500-3287,500-3335
1000,500-3292,500-3335
1000,500-3335,500-3385
1000,500-3344,500-3480
1000,500-3344,500-3186
1000,500-3344,500-5022
1000,500-3385,500-3335
1000,500-5391-020,500-5495-020
1000,500-5391-020,503-0033-020-IW
1000,500-5391-025,500-5495-025
1000,500-5391-030,500-5495-030
1000,500-5391-030,503-0033-030-IW
1000,500-5522,500-4955
1000,500-5522,500-4925
1000,500-5523,500-4752
1000,500-5523,500-4793
1000,500-5523,500-4562
1000,500-5523,500-4640
1000,500-5594,500-4925
1000,500-5595,500-4957
1000,500-5595,500-5854
1000,500-5595,500-6200
1000,500-5595,500-6204
1000,500-5595,500-4956
1000,500-5596,500-5595
1000,500-5596,500-6204
1000,500-5601,500-5359
1000,500-5602,500-5056
1000,500-5602,500-5057
1000,500-5614-001,500-5615-001
1000,500-5614-002,500-5615-002
1000,500-5614-003,500-5615-003
1000,500-5614-003,503-0033-003-IW
1000,500-5614-005,500-5615-005
1000,500-5614-007,500-5615-007
1000,500-5614-010,500-5615-010
1000,500-5614-010,503-0033-010-IW
1000,500-5614-015,500-5615-015
1000,500-5614-020,500-5615-020
1000,500-5614-020,503-0033-020-IW
1000,500-5614-025,500-5615-025
1000,500-5614-030,500-5615-030
1000,500-5614-030,503-0033-030-IW
1000,500-5615-002,500-5614-002
1000,500-5648,500-5910
1000,500-5708,500-5710
1000,500-5708,500-5709
1000,500-5710,500-5708
1000,500-5773,500-4912
1000,500-5850,500-5988
1000,500-5851,500-4925
1000,500-5958,500-5359
1000,500-5987,500-5988
1000,500-5988,500-5586
1000,500-5988,500-4925
1000,500-5989,500-6496
1000,500-5989,500-6681
1000,500-5990,500-4925
1000,500-5990,500-5989
1000,500-6011,500-5909
1000,500-6012,500-5910
1000,500-6013,500-5909
1000,500-6015,500-6019
1000,500-6015,500-6017
1000,500-6015,500-5909
1000,500-6016,500-6020
1000,500-6016,500-5910
1000,500-6028,500-5944
1000,500-6080,500-4042
1000,500-6080,500-3812-02
1000,500-6095,500-5275
1000,500-6095,500-5274
1000,500-6160,500-4793
1000,500-6160,500-4640
1000,500-6161,500-4793
1000,500-6209,500-6417
1000,500-6240,500-4957
1000,500-6266,500-5057
1000,500-6267,500-5056
1000,500-6278,500-6411
1000,500-6282-003,500-6249-003
1000,500-6282-010,500-6249-010
1000,500-6283-003,500-6250-003
1000,500-6283-010,500-6250-010
1000,500-6285,500-4956
1000,500-6285,500-4957
1000,500-6285,500-6035
1000,500-6306,500-6028
1000,500-6336,500-5522
1000,500-6357-001,500-4961-001
1000,500-6357-002,500-4961-002
1000,500-3385,500-3344
1000,500-3394,500-3490
1000,500-3394,500-3409
1000,500-3426-005,500-3730-005
1000,500-3432-003,500-4513-003
1000,500-3432-003,500-3417-003
1000,500-3432-003,500-3426-003
1000,500-3432-003,500-3830-003
1000,500-3432-003,500-4618-003
1000,500-3432-005,500-4513-005
1000,500-3432-010,500-4513-010
1000,500-3432-015,500-4513-015
1000,500-3432-020,500-4513-020
1000,500-3432-030,500-4513-030
1000,500-3462-001,500-3647-001
1000,500-3462-002,500-3647-002
1000,500-3462-003,500-3647-003
1000,500-3462-005,500-3647-005
1000,500-3462-007,500-3647-007
1000,500-3462-010,500-3647-010
1000,500-3462-015,500-3647-015
1000,500-3462-020,500-3647-020
1000,500-3462-025,500-3647-025
1000,500-3462-030,500-3647-030
1000,500-3480,500-3481
1000,500-3647-015,500-3462-015
1000,500-3664,500-3245
1000,500-3664,500-3335
1000,500-3665,500-3335
1000,500-3665,500-3344
1000,500-3730-015,500-3426-015
1000,500-3776-02,500-4623
1000,500-3776-02,500-5309
1000,500-3776-02,500-5308
1000,500-3776-02,500-4164-02
1000,500-3776-02,500-5387
1000,500-3830-010,500-3426-010
1000,500-3884,500-3335
1000,500-3884,500-3385
1000,500-3884,500-3344
1000,500-3918,500-4611
1000,500-3972-02,500-4393-02
1000,500-3972-02,500-4483
1000,500-3972-02,500-4623
1000,500-3972-02,500-4212
1000,500-4042,500-3812-02
1000,500-4042,500-6080
1000,500-4042,500-3674
1000,500-4066-02,500-4067-02
1000,500-4067-02,500-4066-02
1000,500-4164-02,500-4623
1000,500-4190,500-4164-02
1000,500-4212,500-4210
1000,500-4212,500-4483
1000,500-4216,500-4623
1000,500-4292,500-5785
1000,500-4292,500-4624
1000,500-4292,500-5499
1000,500-4324,500-4325
1000,500-4327,500-5785
1000,500-4327,500-4293
1000,500-4327,500-4703
1000,500-4327,500-4709
1000,500-4327,500-4624
1000,500-4327,500-5008
1000,500-4330,500-4292
1000,500-4378,500-3918
1000,500-4378,500-4672
1000,500-4393-02,500-3972-02
1000,500-4513-003,500-3432-015
1000,500-4513-003,500-3432-003
1000,500-4516,500-5787
1000,500-4561,500-4752
1000,500-4562,500-4752
1000,500-4562,500-4639
1000,500-4562,500-4793
1000,500-4562,500-5523
1000,500-4562,500-4640
1000,500-4611,500-3918
1000,500-4611,500-4672
1000,500-4611,500-3954-02
1000,500-4611,500-4378
1000,500-4618-001,500-3426-001
1000,500-4618-003,500-3426-003
1000,500-4618-005,500-3426-005
1000,500-4618-007,500-3426-007
1000,500-4618-015,500-3426-015
1000,500-4618-020,500-3426-020
1000,500-4618-025,500-3426-025
1000,500-4618-030,500-3426-030
1000,500-4619,500-3166
1000,500-4619,500-3784
1000,500-4619,500-4188
1000,500-4619,500-3803
1000,500-4623,500-5788
1000,500-4624,500-5787
1000,500-4639,500-4752
1000,500-4639,500-4640
1000,500-4640,500-6160
1000,500-4640,500-4835
1000,500-4692,500-5056
1000,500-4709,500-4703
1000,500-4752,500-4640
1000,500-4791,500-4752
1000,500-4791,500-4835
1000,500-4791,500-4792
1000,500-4791,500-6038
1000,500-4791,500-4562
1000,500-4791,500-4793
1000,500-4791,500-4640
1000,500-4792,500-4791
1000,500-4792,500-4640
1000,500-4793,500-4640
