CUSTOMER,DESCRIPTION
0000100023,华为技术有限公司
0000100042,深圳市中兴康讯电子有限公司
0000100082,腾讯科技(深圳)有限公司
0000100108,明泰电子(常熟)有限公司（juniper）
0000100156,苏柏科技有限公司
0000100185,深圳融溢科技有限公司
0000100200,Ericsson (China) Communications
0000100217,新华三信息技术有限公司
0000100235,浪潮电子信息产业股份有限公司
0000100277,湖州百捷科技有限公司
0000100280,常州光创通信合伙企业(有限合伙）
0000100281,深圳市迅飞凌科技有限公司
0000100300,北京字跳网络技术有限公司
0000100329,中兴通讯（南京）有限责任公司
0000100341,深圳市科睿特通信技术有限公司
0000100345,百度（中国）有限公司
0000100366,百度时代网络技术（北京）有限公司
0000100373,京东云计算有限公司
0000100380,百度在线网络技术（北京）有限公司
0000100388,北京柏实科技有限公司
0000100391,阿里云计算有限公司
0000100398,浙江天猫技术有限公司
0000100403,度链网络科技（海南）有限公司
0000100407,杭州阿里云飞天信息技术有限公司
0000100409,百度云计算技术（保定徐水）有限公司
0000100413,山东旭创通信科技有限公司
0000100417,北京百度网讯科技有限公司
0000200022,OptoWiz Co.  Ltd
0000200026,FlexOptix GmbH
0000200028,LucaTech Technology
0000200030,Google LLC
0000200036,VITEX
0000200050,Arista Networks.Inc.
0000200053,Gigamon Inc.
0000200065,Cisco Systems
0000200071,Juniper Networks
0000200078,Palo Alto Networks
0000200088,Amazon-AWS
0000200090,Add-On Computer
0000200109,Precision Optical Transceivers
0000200114,HYVE USA-AWS
0000200127,Akamai Technologies Inc.
0000200133,EKINOPS SAS
0000200141,HYVE Europe-AWS
0000200145,HAKUTO CO.LTD
0000200146,ADVA Optical Networking
0000200158,Netflix Streaming Services Inc.
0000200160,SKYLANE OPTICS S.A.
0000200190,Jabil EMS Switzerland GmbH
0000200191,Jabil-Coriant
0000200193,NEC Hong Kong
0000200194,FLEXTRONICS Israel Ltd.
0000200225,歐普科技
0000200232,HYVE Solutions China-AWS
0000200271,Ericsson AB (EAB)
0000200275,Do Networks Limited
0000200296,Jabil-IXIA
0000200317,ProLabs (UK) Limited
0000200340,ZHEJIANG SUPER TECHNOLOGY CO.，LTD
0000200356,"Ufi Space Co., Ltd."
0000200357,"Delta Electronics, Inc."
0000200378,Jabil Circuit Sdn Bhd
0000200382,"Keysight Technologies, Inc."
0000200383,Akamai International B.V.
0000200390,Aceville Pte. Ltd.
0000200391,FONNET Comercio de Equipamentos
0000200421,Ciena India Private Ltd.
0000200433,INGRASYS (SINGAPORE) PTE. LTD
0000200437,"ePlus Technology, inc."
0000200452,Tencent Cloud LLC
0000200465,LAUDREN Electronique
0000200474,Cloud Network Technology
0000200495,"Ciena Global Products Company, Ltd."
0000200499,Celestica LLC (6100)
0000200513,TikTok Inc.
0000200522,"Facebook Procurement, LLC"
0000200530,ADVA Optical Networking SE
0000200535,ORIENTAL POWER HOLDINGS LIMITED
0000200540,GLORYBIRD JAPAN G.K.
0000200542,Precision Optical Transceivers
0000200543,"Meta Platforms, Inc."
0000200545,"REDAPT, INC."
0000200550,Tencent (Thailand) Company Limited
0000200567,Marvell Semiconductor Inc
0000200568,Kite Bird Korea Yuhan Hoesa
0000200580,Nvidia Corporation
0000200584,"IPROAD CO., LTD"
0000200610,"PANOPTICS CO., LTD"
0000200613,绿能国际投资有限公司
0000200618,CREATEOPTICS TECHNOLOGY LIMITED
0000200622,Spirent Communications SAS
0000444,0000444
0000822,0000822
0000600,0000600
0000811,0000811
0000601,0000601
0000618,0000618
0000699,0000699
0000833,0000833
0000602,0000602
0000868&878,0000868&878
PSM01,Innolight Technology USA Inc.
