ID,DESCRIPTION,CUSTOMER_ID,PRIORITY,REQUEST_DUE_TIME,PRODUCT_ID,LOCATION,QUANTITY
10041006_10,100G QSFP28 CWDM4,100408,960,2024-07-03,500-4957,VIRTUAL,210
10041006_20,100G QSFP28 CWDM4,100408,970,2024-07-03,500-4957,VIRTUAL,210
10041744_10,40G QSFP+ LX4,100346,980,2024-07-18,500-6306,VIRTUAL,11607
20018425_10,100G QSFP28 AOC,200469,990,2024-07-12,500-5391-002,VIRTUAL,80
20018425_100,100G QSFP28 AOC,200469,1080,2024-07-12,500-5391-005,VIRTUAL,80
20018425_20,100G QSFP28 AOC,200469,1000,2024-07-12,500-5391-002,VIRTUAL,80
20018425_30,100G QSFP28 AOC,200469,1010,2024-07-12,500-5391-005,VIRTUAL,80
20018425_40,100G QSFP28 AOC,200469,1020,2024-07-12,500-5391-005,VIRTUAL,80
20018425_50,100G QSFP28 AOC,200469,1030,2024-07-12,500-5391-005,VIRTUAL,80
20018425_60,100G QSFP28 AOC,200469,1040,2024-07-12,500-5391-005,VIRTUAL,80
20018425_70,100G QSFP28 AOC,200469,1050,2024-07-12,500-5391-005,VIRTUAL,80
20018425_80,100G QSFP28 AOC,200469,1060,2024-07-12,500-5391-005,VIRTUAL,135
20018425_90,100G QSFP28 AOC,200469,1070,2024-07-19,500-5391-005,VIRTUAL,160
20018427_10,100G QSFP28 AOC,200469,1090,2024-07-05,500-5391-030,VIRTUAL,40
20018427_20,100G QSFP28 AOC,200469,1100,2024-07-05,500-5391-030,VIRTUAL,40
20018433_10,100G QSFP28 SR4,200469,1110,2024-07-12,500-5703,VIRTUAL,40
20018433_20,100G QSFP28 SR4,200469,1120,2024-07-12,500-5703,VIRTUAL,40
20018464_10,100G QSFP28 AOC,200469,1130,2024-07-05,500-5391-001,VIRTUAL,80
20018565_10,100G QSFP28 AOC,200643,1140,2024-07-12,500-5391-003,VIRTUAL,240
20018574_10,100G QSFP28 AOC,200643,1150,2024-07-19,500-5391-003,VIRTUAL,240
20018576_10,100G QSFP28 AOC,200643,1160,2024-07-26,500-5391-003,VIRTUAL,120
20018577_10,100G QSFP28 AOC,200643,1170,2024-07-26,500-5391-003,VIRTUAL,220
20018578_10,100G QSFP28 AOC,200643,1180,2024-07-19,500-5391-003,VIRTUAL,110
20018654_10,100G QSFP28 AOC,200469,1190,2024-11-08,500-5391-015,VIRTUAL,30
20018654_20,100G QSFP28 AOC,200469,1200,2024-08-16,500-5391-010,VIRTUAL,80
20018654_30,100G QSFP28 AOC,200469,1210,2024-08-16,500-5391-010,VIRTUAL,80
20018655_10,100G QSFP28 AOC,200469,1220,2024-08-09,500-5391-003,VIRTUAL,160
20018655_20,100G QSFP28 AOC,200469,1230,2024-08-09,500-5391-003,VIRTUAL,720
20018655_30,100G QSFP28 AOC,200469,1240,2024-08-09,500-5391-003,VIRTUAL,240
20018655_40,100G QSFP28 AOC,200469,1250,2024-08-16,500-5391-003,VIRTUAL,160
20018655_50,100G QSFP28 AOC,200469,1260,2024-08-16,500-5391-003,VIRTUAL,160
20018655_60,100G QSFP28 AOC,200469,1270,2024-08-16,500-5391-003,VIRTUAL,280
20018655_70,100G QSFP28 AOC,200469,1280,2024-08-16,500-5391-003,VIRTUAL,160
20018656_10,100G QSFP28 AOC,200469,1290,2024-08-23,500-5391-002,VIRTUAL,80
20018656_100,100G QSFP28 AOC,200469,1380,2024-08-23,500-5391-002,VIRTUAL,80
20018656_110,100G QSFP28 AOC,200469,1390,2024-08-23,500-5391-002,VIRTUAL,80
20018656_120,100G QSFP28 AOC,200469,1400,2024-08-30,500-5391-015,VIRTUAL,40
20018656_20,100G QSFP28 AOC,200469,1300,2024-08-23,500-5391-002,VIRTUAL,80
20018656_30,100G QSFP28 AOC,200469,1310,2024-08-23,500-5391-002,VIRTUAL,240
20018656_40,100G QSFP28 AOC,200469,1320,2024-08-23,500-5391-002,VIRTUAL,80
20018656_50,100G QSFP28 AOC,200469,1330,2024-08-23,500-5391-002,VIRTUAL,80
20018656_60,100G QSFP28 AOC,200469,1340,2024-08-23,500-5391-002,VIRTUAL,160
20018656_70,100G QSFP28 AOC,200469,1350,2024-08-23,500-5391-002,VIRTUAL,80
20018656_80,100G QSFP28 AOC,200469,1360,2024-08-23,500-5391-002,VIRTUAL,80
20018656_90,100G QSFP28 AOC,200469,1370,2024-08-23,500-5391-002,VIRTUAL,160
20018657_10,100G QSFP28 AOC,200469,1410,2024-08-23,500-5391-002,VIRTUAL,65
20018657_100,100G QSFP28 AOC,200469,1500,2024-08-23,500-5391-015,VIRTUAL,120
20018657_110,100G QSFP28 AOC,200469,1510,2024-08-23,500-5391-015,VIRTUAL,80
20018657_120,100G QSFP28 AOC,200469,1520,2024-08-23,500-5391-015,VIRTUAL,40
20018657_130,100G QSFP28 AOC,200469,1530,2024-08-23,500-5391-015,VIRTUAL,40
20018657_20,100G QSFP28 AOC,200469,1420,2024-08-16,500-5391-010,VIRTUAL,130
20018657_30,100G QSFP28 AOC,200469,1430,2024-08-30,500-5391-015,VIRTUAL,80
20018657_40,100G QSFP28 AOC,200469,1440,2024-08-30,500-5391-015,VIRTUAL,40
20018657_50,100G QSFP28 AOC,200469,1450,2024-08-30,500-5391-015,VIRTUAL,80
20018657_60,100G QSFP28 AOC,200469,1460,2024-08-23,500-5391-015,VIRTUAL,120
20018657_70,100G QSFP28 AOC,200469,1470,2024-08-23,500-5391-015,VIRTUAL,120
20018657_80,100G QSFP28 AOC,200469,1480,2024-08-09,500-5391-015,VIRTUAL,80
20018657_90,100G QSFP28 AOC,200469,1490,2024-08-23,500-5391-015,VIRTUAL,80
20018661_10,100G QSFP28 AOC,200643,1540,2024-10-25,500-5391-007,VIRTUAL,140
20018662_10,100G QSFP28 AOC,200643,1550,2024-10-25,500-5391-007,VIRTUAL,45
20018669_10,100G QSFP28 AOC,200643,1560,2024-07-19,500-5391-001,VIRTUAL,1190
20018684_10,100G QSFP28 AOC,200469,1570,2024-08-30,500-5391-025,VIRTUAL,40
20018739_10,100G QSFP28 AOC,200643,1580,2024-08-09,500-5391-005,VIRTUAL,200
20018740_10,100G QSFP28 AOC,200643,1590,2024-07-26,500-5391-010,VIRTUAL,70
20018741_10,100G QSFP28 AOC,200643,1600,2024-07-26,500-5391-015,VIRTUAL,82
20018741_20,100G QSFP28 AOC,200643,1610,2024-07-26,500-5391-015,VIRTUAL,18
20018769_10,100G QSFP28 SR4,200643,1620,2024-08-16,500-5481,VIRTUAL,296
20018769_20,100G QSFP28 SR4,200643,1630,2024-08-16,500-5481,VIRTUAL,296
20018770_10,100G QSFP28 SR4,200643,1640,2024-08-09,500-5481,VIRTUAL,208
20018770_20,100G QSFP28 SR4,200643,1650,2024-08-09,500-5481,VIRTUAL,208
20018775_10,100G QSFP28 SR4,200643,1660,2024-08-23,500-5703,VIRTUAL,16
20018775_20,100G QSFP28 SR4,200643,1670,2024-08-23,500-5703,VIRTUAL,16
20018782_10,100G QSFP28 SR4,200643,1680,2024-08-02,500-5703,VIRTUAL,56
20018782_20,100G QSFP28 SR4,200643,1690,2024-08-02,500-5703,VIRTUAL,56
20018784_10,100G QSFP28 AOC,200643,1700,2024-08-09,500-5391-030,VIRTUAL,40
20018810_10,100G QSFP28 SR4,200643,1710,2024-08-02,500-5481,VIRTUAL,72
20018810_20,100G QSFP28 SR4,200643,1720,2024-08-02,500-5481,VIRTUAL,72
20018811_10,100G QSFP28 SR4,200643,1730,2024-08-02,500-5481,VIRTUAL,56
20018811_20,100G QSFP28 SR4,200643,1740,2024-08-02,500-5481,VIRTUAL,56
20018812_10,100G QSFP28 AOC,200469,1750,2024-10-25,500-5391-030,VIRTUAL,75
20018812_20,100G QSFP28 AOC,200469,1760,2024-10-25,500-5391-030,VIRTUAL,40
20018812_30,100G QSFP28 AOC,200469,1770,2024-10-25,500-5391-030,VIRTUAL,130
20018812_40,100G QSFP28 AOC,200469,1780,2024-10-25,500-5391-030,VIRTUAL,40
20018812_50,100G QSFP28 AOC,200469,1790,2024-10-25,500-5391-030,VIRTUAL,80
20018812_60,100G QSFP28 AOC,200469,1800,2024-10-25,500-5391-030,VIRTUAL,40
20018848_10,100G QSFP28 SR4,200643,1810,2024-08-16,500-5481,VIRTUAL,176
20018848_20,100G QSFP28 SR4,200643,1820,2024-08-16,500-5481,VIRTUAL,176
20018859_10,100G QSFP28 SR4,200643,1830,2024-08-16,500-5703,VIRTUAL,56
20018859_20,100G QSFP28 SR4,200643,1840,2024-08-16,500-5703,VIRTUAL,56
20018860_10,100G QSFP28 AOC,200469,1850,2024-08-30,500-5391-007,VIRTUAL,20
20018889_10,100G QSFP28 AOC,200643,1860,2024-08-23,500-5391-007,VIRTUAL,45
20018902_10,100G QSFP28 AOC,200469,1870,2024-08-23,500-5391-007,VIRTUAL,80
20018902_20,100G QSFP28 AOC,200469,1880,2024-08-30,500-5391-007,VIRTUAL,45
20018902_30,100G QSFP28 AOC,200469,1890,2024-09-06,500-5391-007,VIRTUAL,45
20018904_10,100G QSFP28 AOC,200469,1900,2024-10-18,500-5391-030,VIRTUAL,40
20018913_10,100G QSFP28 CWDM4 Lite,200469,1910,2024-08-23,500-5500,VIRTUAL,344
20018913_20,100G QSFP28 CWDM4 Lite,200469,1920,2024-08-23,500-5500,VIRTUAL,344
20018934_10,100G QSFP28 AOC,200469,1930,2024-10-18,500-5391-002,VIRTUAL,80
20018934_20,100G QSFP28 AOC,200469,1940,2024-10-18,500-5391-002,VIRTUAL,80
20018934_30,100G QSFP28 AOC,200469,1950,2024-10-18,500-5391-002,VIRTUAL,110
20018963_10,40G QSFP+ LR4,100346,1960,2024-07-22,500-4561,VIRTUAL,1576
20018963_20,40G QSFP+ LR4,100346,1970,2024-07-22,500-4639,VIRTUAL,1576
20018963_30,40G QSFP+ LR4,100346,1980,2024-07-22,500-4639,VIRTUAL,1576
444_F35_2024_07_VIRTUAL,40G QSFP+ LR4 Gen3.0(100G QSFP28 CWDM4 Gen2.0 platform),0000444,210,2024-07-31,F35__444,VIRTUAL,50
444_F35_2024_10_VIRTUAL,40G QSFP+ LR4 Gen3.0(100G QSFP28 CWDM4 Gen2.0 platform),0000444,730,2024-10-31,F35__444,VIRTUAL,50
677_F28_2024_07_VIRTUAL,100G QSFP28 AOC Gen3.0,0000200065,30,2024-07-31,F28__677,VIRTUAL,8000
677_F28_2024_08_VIRTUAL,100G QSFP28 AOC Gen3.0,0000200065,240,2024-08-31,F28__677,VIRTUAL,8000
677_F28_2024_09_VIRTUAL,100G QSFP28 AOC Gen3.0,0000200065,420,2024-09-30,F28__677,VIRTUAL,8000
677_F28_2024_10_VIRTUAL,100G QSFP28 AOC Gen3.0,0000200065,590,2024-10-31,F28__677,VIRTUAL,8000
677_F28_2024_11_VIRTUAL,100G QSFP28 AOC Gen3.0,0000200065,750,2024-11-30,F28__677,VIRTUAL,6200
677_F28_2024_12_VIRTUAL,100G QSFP28 AOC Gen3.0,0000200065,870,2024-12-31,F28__677,VIRTUAL,6200
677_F29_2024_07_VIRTUAL,100G QSFP28 SR4 Gen3.0,0000200065,140,2024-07-31,F29__677,VIRTUAL,1000
677_F29_2024_08_VIRTUAL,100G QSFP28 SR4 Gen3.0,0000200065,320,2024-08-31,F29__677,VIRTUAL,1000
677_F29_2024_09_VIRTUAL,100G QSFP28 SR4 Gen3.0,0000200065,490,2024-09-30,F29__677,VIRTUAL,1000
677_F29_2024_10_VIRTUAL,100G QSFP28 SR4 Gen3.0,0000200065,660,2024-10-31,F29__677,VIRTUAL,1000
677_F29_2024_11_VIRTUAL,100G QSFP28 SR4 Gen3.0,0000200065,810,2024-11-30,F29__677,VIRTUAL,1000
677_F29_2024_12_VIRTUAL,100G QSFP28 SR4 Gen3.0,0000200065,920,2024-12-31,F29__677,VIRTUAL,1000
688_F35_2024_07_VIRTUAL,40G QSFP+ LR4 Gen3.0(100G QSFP28 CWDM4 Gen2.0 platform),0000200088,50,2024-07-31,F35__688,VIRTUAL,3500
688_F35_2024_08_VIRTUAL,40G QSFP+ LR4 Gen3.0(100G QSFP28 CWDM4 Gen2.0 platform),0000200088,260,2024-08-31,F35__688,VIRTUAL,3500
688_F35_2024_09_VIRTUAL,40G QSFP+ LR4 Gen3.0(100G QSFP28 CWDM4 Gen2.0 platform),0000200088,430,2024-09-30,F35__688,VIRTUAL,3500
688_F35_2024_10_VIRTUAL,40G QSFP+ LR4 Gen3.0(100G QSFP28 CWDM4 Gen2.0 platform),0000200088,650,2024-10-31,F35__688,VIRTUAL,1200
688_F35_2024_11_VIRTUAL,40G QSFP+ LR4 Gen3.0(100G QSFP28 CWDM4 Gen2.0 platform),0000200088,820,2024-11-30,F35__688,VIRTUAL,1000
688_M51_2024_07_VIRTUAL,100G QSFP28 CWDM4 Gen2.0,0000200088,20,2024-07-31,M51__688,VIRTUAL,9000
688_M51_2024_08_VIRTUAL,100G QSFP28 CWDM4 Gen2.0,0000200088,230,2024-08-31,M51__688,VIRTUAL,9000
688_M51_2024_09_VIRTUAL,100G QSFP28 CWDM4 Gen2.0,0000200088,410,2024-09-30,M51__688,VIRTUAL,9000
688_M51_2024_10_VIRTUAL,100G QSFP28 CWDM4 Gen2.0,0000200088,580,2024-10-31,M51__688,VIRTUAL,9000
688_M51_2024_11_VIRTUAL,100G QSFP28 CWDM4 Gen2.0,0000200088,740,2024-11-30,M51__688,VIRTUAL,8000
688_M51_2024_12_VIRTUAL,100G QSFP28 CWDM4 Gen2.0,0000200088,860,2024-12-31,M51__688,VIRTUAL,8000
818_F28_2024_07_VIRTUAL,100G QSFP28 AOC Gen3.0,0000100391,170,2024-07-31,F28__818,VIRTUAL,600
818_F30_2024_07_VIRTUAL,100G QSFP28 CWDM4 Gen3.0,0000100407,40,2024-07-31,F30__818,VIRTUAL,5000
818_F30_2024_08_VIRTUAL,100G QSFP28 CWDM4 Gen3.0,0000100391,250,2024-08-31,F30__818,VIRTUAL,5000
828_F29_2024_07_VIRTUAL,100G QSFP28 SR4 Gen3.0,0000100042,80,2024-07-31,F29__828,VIRTUAL,3000
828_M51_2024_07_VIRTUAL,100G QSFP28 CWDM4 Gen2.0,0000100042,150,2024-07-31,M51__828,VIRTUAL,600
828_M51_2024_08_VIRTUAL,100G QSFP28 CWDM4 Gen2.0,0000100042,350,2024-08-31,M51__828,VIRTUAL,600
828_M51_2024_09_VIRTUAL,100G QSFP28 CWDM4 Gen2.0,0000100042,530,2024-09-30,M51__828,VIRTUAL,500
828_M51_2024_10_VIRTUAL,100G QSFP28 CWDM4 Gen2.0,0000100042,680,2024-10-31,M51__828,VIRTUAL,500
828_M51_2024_11_VIRTUAL,100G QSFP28 CWDM4 Gen2.0,0000100042,830,2024-11-30,M51__828,VIRTUAL,500
828_M51_2024_12_VIRTUAL,100G QSFP28 CWDM4 Gen2.0,0000100042,930,2024-12-31,M51__828,VIRTUAL,500
858_F30_2024_07_VIRTUAL,100G QSFP28 CWDM4 Gen3.0,0000100217,100,2024-07-31,F30__858,VIRTUAL,2500
858_F33_2024_07_VIRTUAL,40G QSFP+ IR4 Gen3.0(100G QSFP28 CWDM4 Gen2.0 platform),0000100217,120,2024-07-31,F33__858,VIRTUAL,1500
858_F33_2024_08_VIRTUAL,40G QSFP+ IR4 Gen3.0(100G QSFP28 CWDM4 Gen2.0 platform),0000100217,360,2024-08-31,F33__858,VIRTUAL,500
858_F33_2024_09_VIRTUAL,40G QSFP+ IR4 Gen3.0(100G QSFP28 CWDM4 Gen2.0 platform),0000100217,510,2024-09-30,F33__858,VIRTUAL,500
858_F33_2024_10_VIRTUAL,40G QSFP+ IR4 Gen3.0(100G QSFP28 CWDM4 Gen2.0 platform),0000100217,710,2024-10-31,F33__858,VIRTUAL,300
858_F35_2024_07_VIRTUAL,40G QSFP+ LR4 Gen3.0(100G QSFP28 CWDM4 Gen2.0 platform),0000100217,190,2024-07-31,F35__858,VIRTUAL,500
858_F35_2024_08_VIRTUAL,40G QSFP+ LR4 Gen3.0(100G QSFP28 CWDM4 Gen2.0 platform),0000100217,340,2024-08-31,F35__858,VIRTUAL,800
858_F35_2024_09_VIRTUAL,40G QSFP+ LR4 Gen3.0(100G QSFP28 CWDM4 Gen2.0 platform),0000100217,550,2024-09-30,F35__858,VIRTUAL,300
858_F35_2024_10_VIRTUAL,40G QSFP+ LR4 Gen3.0(100G QSFP28 CWDM4 Gen2.0 platform),0000100217,700,2024-10-31,F35__858,VIRTUAL,300
858_F37_2024_07_VIRTUAL,40G QSFP+ LX4 Gen3.0(100G QSFP28 CWDM4 Gen3.0 platform),0000100217,110,2024-07-31,F37__858,VIRTUAL,2000
858_F37_2024_08_VIRTUAL,40G QSFP+ LX4 Gen3.0(100G QSFP28 CWDM4 Gen3.0 platform),0000100217,310,2024-08-31,F37__858,VIRTUAL,2000
858_F37_2024_09_VIRTUAL,40G QSFP+ LX4 Gen3.0(100G QSFP28 CWDM4 Gen3.0 platform),0000100217,480,2024-09-30,F37__858,VIRTUAL,1500
858_F37_2024_10_VIRTUAL,40G QSFP+ LX4 Gen3.0(100G QSFP28 CWDM4 Gen3.0 platform),0000100217,640,2024-10-31,F37__858,VIRTUAL,1500
858_M51_2024_07_VIRTUAL,100G QSFP28 CWDM4 Gen2.0,0000100217,160,2024-07-31,M51__858,VIRTUAL,600
858_M51_2024_08_VIRTUAL,100G QSFP28 CWDM4 Gen2.0,0000100217,370,2024-08-31,M51__858,VIRTUAL,500
858_M51_2024_09_VIRTUAL,100G QSFP28 CWDM4 Gen2.0,0000100217,520,2024-09-30,M51__858,VIRTUAL,500
888_F11_2024_08_VIRTUAL,100G QSFP28 CLR4 non-FEC Gen1.0,0000100023,290,2024-08-31,F11__888,VIRTUAL,2000
888_F11_2024_09_VIRTUAL,100G QSFP28 CLR4 non-FEC Gen1.0,0000100023,470,2024-09-30,F11__888,VIRTUAL,2000
888_F11_2024_10_VIRTUAL,100G QSFP28 CLR4 non-FEC Gen1.0,0000100023,620,2024-10-31,F11__888,VIRTUAL,2000
888_F11_2024_11_VIRTUAL,100G QSFP28 CLR4 non-FEC Gen1.0,0000100023,780,2024-11-30,F11__888,VIRTUAL,2000
888_F11_2024_12_VIRTUAL,100G QSFP28 CLR4 non-FEC Gen1.0,0000100023,890,2024-12-31,F11__888,VIRTUAL,2000
888_F30_2024_07_VIRTUAL,100G QSFP28 CWDM4 Gen3.0,0000100023,10,2024-07-31,F30__888,VIRTUAL,10000
888_F30_2024_08_VIRTUAL,100G QSFP28 CWDM4 Gen3.0,0000100023,220,2024-08-31,F30__888,VIRTUAL,10000
888_F30_2024_09_VIRTUAL,100G QSFP28 CWDM4 Gen3.0,0000100023,400,2024-09-30,F30__888,VIRTUAL,10000
888_F30_2024_10_VIRTUAL,100G QSFP28 CWDM4 Gen3.0,0000100023,570,2024-10-31,F30__888,VIRTUAL,10000
888_F30_2024_11_VIRTUAL,100G QSFP28 CWDM4 Gen3.0,0000100023,760,2024-11-30,F30__888,VIRTUAL,4000
888_F33_2024_07_VIRTUAL,40G QSFP+ IR4 Gen3.0(100G QSFP28 CWDM4 Gen2.0 platform),0000100023,60,2024-07-31,F33__888,VIRTUAL,3000
888_F33_2024_08_VIRTUAL,40G QSFP+ IR4 Gen3.0(100G QSFP28 CWDM4 Gen2.0 platform),0000100023,330,2024-08-31,F33__888,VIRTUAL,1000
888_F33_2024_09_VIRTUAL,40G QSFP+ IR4 Gen3.0(100G QSFP28 CWDM4 Gen2.0 platform),0000100023,500,2024-09-30,F33__888,VIRTUAL,1000
888_F33_2024_10_VIRTUAL,40G QSFP+ IR4 Gen3.0(100G QSFP28 CWDM4 Gen2.0 platform),0000100023,670,2024-10-31,F33__888,VIRTUAL,1000
888_F33_2024_11_VIRTUAL,40G QSFP+ IR4 Gen3.0(100G QSFP28 CWDM4 Gen2.0 platform),0000100023,800,2024-11-30,F33__888,VIRTUAL,1000
888_F33_2024_12_VIRTUAL,40G QSFP+ IR4 Gen3.0(100G QSFP28 CWDM4 Gen2.0 platform),0000100023,910,2024-12-31,F33__888,VIRTUAL,1000
888_F35_2024_07_VIRTUAL,40G QSFP+ LR4 Gen3.0(100G QSFP28 CWDM4 Gen2.0 platform),0000100023,130,2024-07-31,F35__888,VIRTUAL,1000
888_F35_2024_08_VIRTUAL,40G QSFP+ LR4 Gen3.0(100G QSFP28 CWDM4 Gen2.0 platform),0000100023,300,2024-08-31,F35__888,VIRTUAL,2000
888_F35_2024_09_VIRTUAL,40G QSFP+ LR4 Gen3.0(100G QSFP28 CWDM4 Gen2.0 platform),0000100023,460,2024-09-30,F35__888,VIRTUAL,2000
888_F35_2024_10_VIRTUAL,40G QSFP+ LR4 Gen3.0(100G QSFP28 CWDM4 Gen2.0 platform),0000100023,630,2024-10-31,F35__888,VIRTUAL,2000
888_F35_2024_11_VIRTUAL,40G QSFP+ LR4 Gen3.0(100G QSFP28 CWDM4 Gen2.0 platform),0000100023,790,2024-11-30,F35__888,VIRTUAL,2000
888_F35_2024_12_VIRTUAL,40G QSFP+ LR4 Gen3.0(100G QSFP28 CWDM4 Gen2.0 platform),0000100023,900,2024-12-31,F35__888,VIRTUAL,2000
888_F37_2024_07_VIRTUAL,40G QSFP+ LX4 Gen3.0(100G QSFP28 CWDM4 Gen3.0 platform),0000100023,70,2024-07-31,F37__888,VIRTUAL,3000
888_F37_2024_08_VIRTUAL,40G QSFP+ LX4 Gen3.0(100G QSFP28 CWDM4 Gen3.0 platform),0000100023,270,2024-08-31,F37__888,VIRTUAL,3000
888_F37_2024_09_VIRTUAL,40G QSFP+ LX4 Gen3.0(100G QSFP28 CWDM4 Gen3.0 platform),0000100023,440,2024-09-30,F37__888,VIRTUAL,3000
888_F37_2024_10_VIRTUAL,40G QSFP+ LX4 Gen3.0(100G QSFP28 CWDM4 Gen3.0 platform),0000100023,600,2024-10-31,F37__888,VIRTUAL,3000
international_others_F28_2024_07_VIRTUAL,100G QSFP28 AOC Gen3.0,0000200022,180,2024-07-31,F28__international_others,VIRTUAL,500
international_others_F28_2024_08_VIRTUAL,100G QSFP28 AOC Gen3.0,0000200580,380,2024-08-31,F28__international_others,VIRTUAL,500
international_others_F28_2024_09_VIRTUAL,100G QSFP28 AOC Gen3.0,0000200022,540,2024-09-30,F28__international_others,VIRTUAL,500
international_others_F28_2024_10_VIRTUAL,100G QSFP28 AOC Gen3.0,0000200580,690,2024-10-31,F28__international_others,VIRTUAL,500
international_others_F28_2024_11_VIRTUAL,100G QSFP28 AOC Gen3.0,0000200022,840,2024-11-30,F28__international_others,VIRTUAL,500
international_others_F28_2024_12_VIRTUAL,100G QSFP28 AOC Gen3.0,0000200580,940,2024-12-31,F28__international_others,VIRTUAL,500
international_others_F29_2024_07_VIRTUAL,100G QSFP28 SR4 Gen3.0,0000200584,90,2024-07-31,F29__international_others,VIRTUAL,3000
international_others_F29_2024_08_VIRTUAL,100G QSFP28 SR4 Gen3.0,0000200584,280,2024-08-31,F29__international_others,VIRTUAL,3000
international_others_F29_2024_09_VIRTUAL,100G QSFP28 SR4 Gen3.0,0000200584,450,2024-09-30,F29__international_others,VIRTUAL,3000
international_others_F29_2024_10_VIRTUAL,100G QSFP28 SR4 Gen3.0,0000200584,610,2024-10-31,F29__international_others,VIRTUAL,3000
international_others_F29_2024_11_VIRTUAL,100G QSFP28 SR4 Gen3.0,0000200584,770,2024-11-30,F29__international_others,VIRTUAL,3000
international_others_F29_2024_12_VIRTUAL,100G QSFP28 SR4 Gen3.0,0000200584,880,2024-12-31,F29__international_others,VIRTUAL,3000
international_others_F35_2024_07_VIRTUAL,40G QSFP+ LR4 Gen3.0(100G QSFP28 CWDM4 Gen2.0 platform),0000200022,200,2024-07-31,F35__international_others,VIRTUAL,200
international_others_F35_2024_08_VIRTUAL,40G QSFP+ LR4 Gen3.0(100G QSFP28 CWDM4 Gen2.0 platform),0000200584,390,2024-08-31,F35__international_others,VIRTUAL,200
international_others_F35_2024_09_VIRTUAL,40G QSFP+ LR4 Gen3.0(100G QSFP28 CWDM4 Gen2.0 platform),0000200022,560,2024-09-30,F35__international_others,VIRTUAL,200
international_others_F35_2024_10_VIRTUAL,40G QSFP+ LR4 Gen3.0(100G QSFP28 CWDM4 Gen2.0 platform),0000200584,720,2024-10-31,F35__international_others,VIRTUAL,200
international_others_F35_2024_11_VIRTUAL,40G QSFP+ LR4 Gen3.0(100G QSFP28 CWDM4 Gen2.0 platform),0000200022,850,2024-11-30,F35__international_others,VIRTUAL,200
international_others_F35_2024_12_VIRTUAL,40G QSFP+ LR4 Gen3.0(100G QSFP28 CWDM4 Gen2.0 platform),0000200584,950,2024-12-31,F35__international_others,VIRTUAL,200
Negative_Inventory_280-1049-27_2000_-1424,Negative inventory turned into demands,PSM01,100,2024-08-01,280-1049-27,VIRTUAL,1424
Negative_Inventory_280-1049-29_2000_-1991,Negative inventory turned into demands,PSM01,100,2024-08-01,280-1049-29,VIRTUAL,1991
Negative_Inventory_280-1049-31_2000_-2829,Negative inventory turned into demands,PSM01,100,2024-08-01,280-1049-31,VIRTUAL,2829
Negative_Inventory_280-1049-33_2000_-1703,Negative inventory turned into demands,PSM01,100,2024-08-01,280-1049-33,VIRTUAL,1703
Negative_Inventory_280-1312-27_2000_-7291,Negative inventory turned into demands,PSM01,100,2024-08-01,280-1312-27,VIRTUAL,7291
Negative_Inventory_280-1312-29_2000_-8609,Negative inventory turned into demands,PSM01,100,2024-08-01,280-1312-29,VIRTUAL,8609
Negative_Inventory_280-1312-31_2000_-6279,Negative inventory turned into demands,PSM01,100,2024-08-01,280-1312-31,VIRTUAL,6279
Negative_Inventory_280-1312-33_2000_-7123,Negative inventory turned into demands,PSM01,100,2024-08-01,280-1312-33,VIRTUAL,7123
Negative_Inventory_500-5500_1000_-290,Negative inventory turned into demands,PSM01,100,2024-08-01,500-5500,VIRTUAL,290
Negative_Inventory_500-7041_2000_-298,Negative inventory turned into demands,PSM01,100,2024-08-01,500-7041,VIRTUAL,298
