PRODUCT_ID,LOCATION_ID,PREFERENCE,LEAD_DAYS_SUPPLY,CYCLE_DAYS_SUPPLY,VENDOR_ID
100-0018,1000,0,50,0,S8000
100-0021,1000,0,50,0,0000100119
100-0024,1000,0,50,0,S9000
100-0025,1000,0,50,0,0000200278
100-0031,1000,0,50,0,S9000
100-0033,1000,0,50,0,0000100119
100-0035,1000,0,50,0,S1000
100-0038,1000,0,50,0,0000200278
100-0054,1000,0,50,0,0000100125
100-0061,1000,0,50,0,0000100119
100-0062,1000,0,50,0,0000200278
100-0073,1000,0,50,0,0000100119
100-0074,1000,0,50,0,0000100119
100-0086,1000,0,50,0,0000100205
100-0086-01,1000,0,50,0,0000100148
100-0088,1000,0,50,0,0000100100
100-0107,1000,0,50,0,0000100378
100-0108,1000,0,50,0,0000100000
100-0115,1000,0,50,0,0000100100
100-0116,1000,0,50,0,0000200278
100-0119,1000,0,50,0,0000100100
100-0122,1000,0,50,0,0000100100
100-0141,1000,-280000,50,0,0000100100
100-0142,1000,-3024000,50,0,0000100148
100-0143,1000,0,50,0,0000100100
100-0144,1000,0,50,0,0000100148
100-0214,1000,0,50,0,0000100100
100-0222,1000,0,50,0,0000100100
100-0224,1000,0,50,0,0000100100
100-0225,1000,0,50,0,S8000
100-0227,1000,-4928000,50,0,0000100148
100-0228,1000,0,50,0,0000100100
100-0265,1000,0,50,0,0000100148
100-0268,1000,0,50,0,0000100000
100-0285,1000,0,50,0,0000100100
100-0286,1000,0,50,0,0000100148
100-0300,1000,-5288500,50,0,0000100148
100-0365,1000,0,50,0,0000100100
101-0001,1000,0,50,0,S9000
110-0001,1000,0,50,0,0000100551
110-0002,1000,0,50,0,0000100118
110-0003,1000,0,50,0,0000100163
110-0011,1000,0,50,0,0000100176
110-0019,1000,0,50,0,0000100067
110-0040,1000,-7000,50,0,0000100067
110-0063,1000,0,50,0,0000100067
110-0064,1000,0,50,0,0000100551
110-0083,1000,0,50,0,0000100067
110-0099,1000,0,50,0,0000100551
110-0121,1000,-1197000,50,0,0000100067
110-0156,1000,0,50,0,0000100163
110-0158,1000,0,50,0,0000100163
110-0161,1000,0,50,0,0000100163
110-0172,1000,0,50,0,0000100067
110-0174,1000,0,50,0,0000100163
110-0177,1000,-721000,50,0,0000100067
110-0207,1000,-406000,50,0,0000100067
110-0213,1000,0,50,0,0000100163
110-0214,1000,-616000,50,0,0000100067
110-0216,1000,-3066000,50,0,0000100067
110-0220,1000,0,50,0,0000100163
110-0237,1000,0,50,0,0000100163
110-0239,1000,0,50,0,0000100163
110-0241,1000,0,50,0,0000100551
110-0243,1000,-140000,50,0,0000100067
110-0246,1000,-147000,50,0,0000100067
110-0248,1000,0,50,0,0000100163
110-0249,1000,0,50,0,S9000
110-0252,1000,0,50,0,0000200000
110-0253,1000,0,50,0,0000100163
110-0260,1000,0,50,0,0000100163
110-0261,1000,0,50,0,0000100163
110-0267,1000,-140000,50,0,0000100067
110-0268,1000,0,50,0,0000100163
110-0270,1000,0,50,0,0000100163
110-0272,1000,-154000,50,0,0000100067
110-0273,1000,0,50,0,0000100163
110-0295,1000,0,50,0,0000100163
110-0296,1000,0,50,0,0000100163
110-0298,1000,-665000,50,0,0000100067
110-0308,1000,0,50,0,0000100163
110-0311,1000,0,50,0,0000100551
110-0368,1000,0,50,0,0000100176
110-0369,1000,0,50,0,0000100552
110-0370,1000,0,50,0,0000100176
110-0371,1000,0,50,0,0000100067
110-0372,1000,0,50,0,0000100176
110-0373,1000,0,50,0,0000100176
110-0374,1000,0,50,0,0000100083
110-0375,1000,0,50,0,0000100176
110-0376,1000,-28000,50,0,0000100083
110-0377,1000,0,50,0,S1000
110-0378,1000,-63000,50,0,0000100083
110-0379,1000,0,50,0,0000100176
110-0380,1000,-2254000,50,0,0000100083
110-0381,1000,0,50,0,0000100176
110-0460,1000,-5789000,50,0,0000100067
110-0561,1000,0,50,0,0000100176
110-0566,1000,0,50,0,0000100176
110-0570,1000,0,50,0,S8000
110-0571,1000,0,50,0,0000100176
110-0602,1000,-1071000,50,0,0000100083
110-0603,1000,0,50,0,0000100176
110-0624,1000,-16128000,50,0,0000100083
110-0627,1000,0,50,0,0000100176
110-0713,1000,0,50,0,S9000
110-0730,1000,-1932000,50,0,0000100083
120-0029,1000,0,50,0,S9000
120-0046,1000,-456400,50,0,0000100148
120-0047,1000,0,50,0,0000100119
120-0051,1000,0,50,0,0000100100
120-0099,1000,0,50,0,0000100205
120-0100,1000,-124600,50,0,0000100110
120-0120,1000,0,50,0,S9000
120-0121,1000,0,50,0,0000100148
120-0128,1000,0,50,0,0000100083
120-0129,1000,-4865000,50,0,0000100148
120-0138,1000,-1807400,50,0,0000100148
120-0143,1000,-10864000,50,0,0000100148
120-0152,1000,0,50,0,S1000
120-0157,1000,0,50,0,0000100100
120-0202,1000,-48300,50,0,0000100148
120-0215,1000,0,50,0,S8000
120-0224,1000,0,50,0,0000100148
120-0232,1000,-388500,50,0,0000100148
120-0247,1000,0,50,0,0000100000
120-0248,1000,0,50,0,S8000
120-0249,1000,-1270500,50,0,0000100148
120-0253,1000,-52500,50,0,0000100294
120-0254,1000,0,50,0,0000100294
120-0260,1000,0,50,0,0000100148
120-0310,1000,0,50,0,0000100148
121-0053,1000,0,50,0,0000100083
121-0060-CD,1000,0,50,0,0000100083
130-0077,1000,0,50,0,S9000
140-0022,1000,0,50,0,0000400143
140-0113,1000,0,50,0,0000200011
140-0179,1000,-35000,50,0,0000200180
140-0221,1000,0,50,0,0000200011
140-0240,1000,0,50,0,0000200019
140-0246,1000,0,50,0,0000400143
140-0253,1000,-25200,50,0,0000200180
140-0310,1000,0,50,0,0000200011
140-0313,1000,0,50,0,0000200011
140-0338,1000,0,50,0,0000200180
140-0341,1000,-317800,50,0,0000200009
140-0341-RW,1000,0,50,0,S2000
140-0355,1000,-134400,50,0,0000200237
140-0384,1000,0,50,0,0000200019
140-0386,1000,0,50,0,S9000
140-0392,1000,0,50,0,0000200009
140-0403,1000,0,50,0,S1000
140-0434,1000,0,50,0,0000200006
140-0477,1000,0,50,0,0000200000
140-0481,1000,-458500,50,0,0000200011
140-0547,1000,0,50,0,S1000
140-0599,1000,0,50,0,0000400053
140-0628,1000,0,50,0,S8000
140-0638,1000,0,50,0,0000200153
140-0639,1000,0,50,0,0000200153
140-0645,1000,-504000,50,0,0000100289
140-0834,1000,0,50,0,S8000
140-0847,1000,-241500,50,0,0000200140
140-0848,1000,0,50,0,0000200146
140-0849,1000,0,50,0,S1000
140-0851,1000,0,50,0,0000200146
140-0852,1000,0,50,0,0000100185
140-0853,1000,-98000,50,0,0000100306
140-1016,1000,0,50,0,S8000
140-1028,1000,-637000,50,0,0000100306
140-1183-CD,1000,0,50,0,0000100002
160-1132,1000,0,50,0,0000100019
160-1153,1000,0,50,0,0000100307
160-1168,1000,0,50,0,0000100204
160-1172,1000,-2841,50,0,0000100204
160-1218,1000,0,50,0,0000100019
160-1237,1000,0,50,0,0000100307
160-1287,1000,0,50,0,0000100019
160-1291,1000,-6384,50,0,0000100204
220-0072,1000,0,50,0,0000100073
220-0134-002,1000,-277,50,0,0000100136
220-0134-010,1000,0,50,0,0000100136
220-0227,1000,0,50,0,S1000
220-0230-001,1000,-515,50,0,0000100094
220-0230-002,1000,0,50,0,0000100136
220-0230-003,1000,0,50,0,0000100136
220-0230-005,1000,0,50,0,S9000
220-0230-007,1000,-186,50,0,0000100094
220-0230-010,1000,0,50,0,S9000
220-0230-015,1000,0,50,0,0000100136
220-0230-025,1000,0,50,0,0000100094
220-0230-030,1000,-525,50,0,0000100094
280-0425,1000,0,50,0,S2000
280-0431,1000,0,50,0,0000100096
280-0511-03,1000,0,50,0,0000100345
280-0511-04,1000,0,50,0,0000100132
280-0511-05,1000,0,50,0,0000100345
280-0511-06,1000,0,50,0,0000100132
280-0607,1000,0,50,0,S2000
280-0650,1000,0,50,0,0000100094
280-0695,1000,0,50,0,0000100132
280-0696,1000,0,50,0,0000200048
280-0698,1000,0,50,0,0000100096
280-0791,1000,0,50,0,0000100132
280-0810,1000,0,50,0,0000200092
280-0837,1000,0,50,0,0000200092
280-0845-030,1000,0,50,0,0000100136
280-0848,1000,0,50,0,0000100094
280-0897,1000,0,50,0,0000100132
280-0898,1000,0,50,0,0000100143
280-0932,1000,0,50,0,0000100314
280-0933,1000,0,50,0,S1000
280-0981-N0,1000,0,50,0,S9000
280-0981-N1,1000,0,50,0,S1000
280-0981-N2,1000,0,50,0,S9000
280-0981-N3,1000,0,50,0,S1000
280-0992,1000,0,50,0,S2000
280-1011,1000,0,50,0,0000100143
280-1018,1000,0,50,0,S9000
281-0009,1000,0,50,0,S1000
281-0070,1000,0,50,0,S2000
282-0040,1000,0,50,0,0000100096
282-0041,1000,0,50,0,0000100132
282-0330,1000,0,50,0,0000100143
282-0333,1000,0,50,0,0000100143
282-0432,1000,0,50,0,0000100143
282-0433,1000,0,50,0,S2000
282-0434,1000,0,50,0,0000100143
283-0019,1000,0,50,0,S9000
283-0029,1000,0,50,0,0000200124
283-0046-27,1000,0,50,0,0000200006
283-0046-29,1000,-28395,50,0,0000200077
283-0046-31,1000,0,50,0,0000200006
283-0046-33,1000,-40977,50,0,0000200077
283-0080,1000,0,50,0,0000200020
283-0098,1000,0,50,0,0000200122
283-0110-27,1000,-10928,50,0,0000200020
283-0110-29,1000,0,50,0,S1000
283-0110-31,1000,-11373,50,0,0000200020
283-0110-33,1000,0,50,0,S1000
283-0212-29-CD,1000,0,50,0,S2000
283-0226,1000,0,50,0,S9000
284-0089-20,1000,0,50,0,S9000
284-0118,1000,0,50,0,S2000
285-0012,1000,0,50,0,0000100304
285-0109,1000,0,50,0,S2000
287-0003,1000,0,50,0,0000100018
288-0001,1000,0,50,0,S1000
288-0005,1000,0,50,0,0000100094
288-0134,1000,0,50,0,S2000
300-0144,1000,0,50,0,0000100189
300-0150,1000,0,50,0,0000100102
300-0151,1000,0,50,0,0000400208
300-0152,1000,0,50,0,0000100102
300-0211,1000,0,50,0,0000100189
300-0212,1000,0,50,0,0000100102
300-0213,1000,0,50,0,0000100194
300-0214,1000,0,50,0,0000100189
300-0311,1000,0,50,0,0000100338
300-0312,1000,0,50,0,0000100338
300-0313,1000,0,50,0,S9000
300-0316,1000,0,50,0,0000100102
300-0317,1000,0,50,0,S2000
300-0355,1000,0,50,0,0000100102
301-0022,1000,0,50,0,0000100102
301-0046-CD,1000,0,50,0,S9000
302-0004,1000,-354200,50,0,0000100170
302-0006,1000,0,50,0,S1000
302-0007,1000,-60900,50,0,0000100170
302-0008,1000,0,50,0,S1000
310-0166,1000,0,50,0,S8000
310-0228,1000,0,50,0,0000100189
310-0229,1000,0,50,0,S1000
310-0241,1000,0,50,0,0000100102
310-0300,1000,0,50,0,S1000
310-0357,1000,0,50,0,0000100189
310-0362,1000,0,50,0,S9000
310-0376,1000,-43470,50,0,0000100078
310-0401,1000,0,50,0,S1000
310-0407,1000,0,50,0,0000100338
310-0417,1000,0,50,0,0000100206
310-0440,1000,0,50,0,0000100367
310-0474,1000,0,50,0,S2000
310-0494-001,1000,0,50,0,S1000
310-0494-002,1000,0,50,0,0000100102
310-0494-003,1000,0,50,0,0000100102
310-0494-007,1000,0,50,0,0000100102
310-0494-010,1000,0,50,0,0000100102
310-0494-015,1000,0,50,0,0000100102
310-0494-020,1000,-2310,50,0,0000100102
310-0504,1000,0,50,0,0000100189
310-0560,1000,0,50,0,S2000
310-0571,1000,0,50,0,0000100102
310-0573,1000,0,50,0,0000100102
310-0574,1000,0,50,0,S2000
310-0577,1000,0,50,0,S2000
310-0590,1000,0,50,0,0000100102
310-0591,1000,0,50,0,S1000
310-0724,1000,0,50,0,0000100102
311-0005,1000,0,50,0,0000100078
311-0207,1000,0,50,0,0000100078
311-0244,1000,0,50,0,S1000
311-0252,1000,0,50,0,S9000
311-0260,1000,0,50,0,0000100078
311-0276,1000,0,50,0,0000100078
311-0363,1000,0,50,0,0000100078
311-0436,1000,0,50,0,0000100078
311-0437,1000,0,50,0,0000100078
320-0109,1000,0,50,0,0000100318
320-0128,1000,0,50,0,S2000
320-0248,1000,0,50,0,S1000
320-0284,1000,0,50,0,S1000
320-0328,1000,0,50,0,0000100136
320-0412,1000,0,50,0,0000100096
320-0438,1000,0,50,0,0000100132
320-0443,1000,0,50,0,0000100144
320-0493,1000,0,50,0,0000100096
320-0550,1000,0,50,0,0000100096
320-0611,1000,0,50,0,0000100096
320-0759,1000,0,50,0,0000100193
320-0763,1000,0,50,0,0000100355
320-0836,1000,0,50,0,0000100355
321-0057,1000,0,50,0,0000100094
321-0058,1000,0,50,0,S1000
321-0059,1000,0,50,0,S2000
321-0172,1000,0,50,0,0000100193
321-0173,1000,0,50,0,0000100193
340-0056,1000,0,50,0,S9000
340-0062,1000,0,50,0,0000100189
340-0063,1000,0,50,0,S1000
340-0071,1000,0,50,0,0000100102
341-0027,1000,0,50,0,S9000
341-0036,1000,0,50,0,0000100189
341-0063,1000,0,50,0,S1000
504-1406,1000,0,50,0,S1000
504-1553,1000,0,50,0,S1000
504-1612,1000,0,50,0,S1000
504-1712,1000,0,50,0,0000100006
504-1718,1000,-14046,50,0,0000100006
504-1828,1000,0,50,0,0000100297
504-1829,1000,0,50,0,0000100297
504-1878,1000,-21000,50,0,0000100297
