PRODUCT_ID,FROM_LOCATION_ID,TO_LOCATION_ID,TRANSIT_TIME,TRANSIT_TIME_UOM,PREFERENCE
223-0011,SUB_PCBA,1000,2,DAYS,0
223-0011,SUB_PCBA,2000,2,DAYS,0
223-0011,SUB_PCBA,5000,11,DAYS,1
223-0012,SUB_PCBA,1000,2,DAYS,0
223-0012,SUB_PCBA,2000,2,DAYS,0
223-0012,SUB_PCBA,5000,11,DAYS,1
260-0102,2000,1000,2,DAYS,0
260-0102,1000,2000,2,DAYS,0
260-0120,2000,1000,2,DAYS,0
260-0120,1000,2000,2,DAYS,0
260-0124,2000,1000,2,DAYS,0
260-0124,1000,2000,2,DAYS,0
260-0128,2000,1000,2,DAYS,0
260-0128,1000,2000,2,DAYS,0
260-0131,2000,1000,2,DAYS,0
260-0131,1000,2000,2,DAYS,0
260-0132,2000,1000,2,DAYS,0
260-0132,1000,2000,2,DAYS,0
260-0141-01,2000,1000,2,DAYS,0
260-0141-01,1000,2000,2,DAYS,0
260-0141-02,2000,1000,2,DAYS,-444
260-0141-02,1000,2000,2,DAYS,0
260-0141-02-R,2000,1000,2,DAYS,-556
260-0141-02-R,1000,2000,2,DAYS,0
260-0141-03,2000,1000,2,DAYS,0
260-0141-03,1000,2000,2,DAYS,0
260-0141-04,2000,1000,2,DAYS,0
260-0141-04,1000,2000,2,DAYS,0
260-0149,2000,1000,2,DAYS,0
260-0149,1000,2000,2,DAYS,0
260-0150,2000,1000,2,DAYS,0
260-0150,1000,2000,2,DAYS,0
260-0152-01,2000,1000,2,DAYS,0
260-0152-01,1000,2000,2,DAYS,0
260-0152-02,2000,1000,2,DAYS,-282
260-0152-02,1000,2000,2,DAYS,0
260-0152-03,2000,1000,2,DAYS,0
260-0152-03,1000,2000,2,DAYS,0
260-0156,2000,1000,2,DAYS,0
260-0156,1000,2000,2,DAYS,0
260-0158-01,2000,1000,2,DAYS,0
260-0158-01,1000,2000,2,DAYS,0
260-0158-02,2000,1000,2,DAYS,0
260-0158-02,1000,2000,2,DAYS,0
260-0158-03,2000,1000,2,DAYS,0
260-0158-03,1000,2000,2,DAYS,0
260-0162,2000,1000,2,DAYS,0
260-0162,1000,2000,2,DAYS,0
260-0164-01,2000,1000,2,DAYS,0
260-0164-01,1000,2000,2,DAYS,0
260-0165-01,2000,1000,2,DAYS,0
260-0165-01,1000,2000,2,DAYS,0
260-0172,2000,1000,2,DAYS,0
260-0172,1000,2000,2,DAYS,0
260-0174-02,2000,1000,2,DAYS,0
260-0174-02,1000,2000,2,DAYS,0
260-0175,2000,1000,2,DAYS,0
260-0175,1000,2000,2,DAYS,0
260-0176,2000,1000,2,DAYS,0
260-0176,1000,2000,2,DAYS,0
260-0193,2000,1000,2,DAYS,0
260-0193,1000,2000,2,DAYS,0
260-0198,2000,1000,2,DAYS,0
260-0198,1000,2000,2,DAYS,0
260-0199,2000,1000,2,DAYS,-6336
260-0199,1000,2000,2,DAYS,0
260-0199,1000,5000,11,DAYS,1
260-0199,2000,5000,11,DAYS,-6334
260-0199-R,2000,1000,2,DAYS,-18
260-0199-R,1000,2000,2,DAYS,0
260-0233,2000,1000,2,DAYS,0
260-0233,1000,2000,2,DAYS,0
260-0236,2000,1000,2,DAYS,0
260-0236,1000,2000,2,DAYS,0
260-0247,2000,1000,2,DAYS,0
260-0247,1000,2000,2,DAYS,0
260-0250,2000,1000,2,DAYS,0
260-0250,1000,2000,2,DAYS,0
260-0261,2000,1000,2,DAYS,0
260-0261,1000,2000,2,DAYS,0
260-0267,2000,1000,2,DAYS,0
260-0267,1000,2000,2,DAYS,0
260-0274,2000,1000,2,DAYS,0
260-0274,1000,2000,2,DAYS,0
260-0278,2000,1000,2,DAYS,0
260-0278,1000,2000,2,DAYS,0
260-0306,2000,1000,2,DAYS,0
260-0306,1000,2000,2,DAYS,0
260-0325,2000,1000,2,DAYS,-7212
260-0325,1000,2000,2,DAYS,0
260-0385,2000,1000,2,DAYS,-844
260-0385,1000,2000,2,DAYS,0
260-0417,2000,1000,2,DAYS,0
260-0417,1000,2000,2,DAYS,0
260-0441,2000,1000,2,DAYS,0
260-0441,1000,2000,2,DAYS,0
260-0459-CD,2000,1000,2,DAYS,-4
260-0459-CD,1000,2000,2,DAYS,0
260-0460-CD,2000,1000,2,DAYS,0
260-0460-CD,1000,2000,2,DAYS,0
260-0464-CD,2000,1000,2,DAYS,0
260-0464-CD,1000,2000,2,DAYS,0
260-0470-CD,2000,1000,2,DAYS,0
260-0470-CD,1000,2000,2,DAYS,0
260-0471-CD,2000,1000,2,DAYS,0
260-0471-CD,1000,2000,2,DAYS,0
260-0555,2000,1000,2,DAYS,0
260-0555,1000,2000,2,DAYS,0
262-0054-CD,2000,1000,2,DAYS,0
262-0054-CD,1000,2000,2,DAYS,0
262-0058-CD,2000,1000,2,DAYS,0
262-0058-CD,1000,2000,2,DAYS,0
262-0101-CD,2000,1000,2,DAYS,0
262-0101-CD,1000,2000,2,DAYS,0
262-0127-CD,2000,1000,2,DAYS,0
262-0127-CD,1000,2000,2,DAYS,0
262-0128-CD,2000,1000,2,DAYS,0
262-0128-CD,1000,2000,2,DAYS,0
262-0137-CD,2000,1000,2,DAYS,0
262-0137-CD,1000,2000,2,DAYS,0
262-0164-CD,2000,1000,2,DAYS,-32
262-0164-CD,1000,2000,2,DAYS,0
262-0197-CD,2000,1000,2,DAYS,0
262-0197-CD,1000,2000,2,DAYS,0
262-0229-CD,2000,1000,2,DAYS,0
262-0229-CD,1000,2000,2,DAYS,0
280-0804-27,1000,2000,2,DAYS,0
280-0804-29,1000,2000,2,DAYS,0
280-0804-31,1000,2000,2,DAYS,0
280-0804-33,1000,2000,2,DAYS,0
280-1020,1000,5000,11,DAYS,1
280-1020,2000,5000,11,DAYS,2
280-1042-27,1000,2000,2,DAYS,0
280-1042-29,1000,2000,2,DAYS,0
280-1042-31,1000,2000,2,DAYS,0
280-1042-33,1000,2000,2,DAYS,0
280-1049-27,1000,2000,2,DAYS,0
280-1049-29,1000,2000,2,DAYS,0
280-1049-31,1000,2000,2,DAYS,0
280-1049-33,1000,2000,2,DAYS,0
280-1086-27,1000,2000,2,DAYS,0
280-1086-29,1000,2000,2,DAYS,0
280-1086-31,1000,2000,2,DAYS,0
280-1086-33,1000,2000,2,DAYS,0
280-1133,1000,5000,11,DAYS,1
280-1133,2000,5000,11,DAYS,-436
280-1223-N0,1000,2000,2,DAYS,0
280-1223-N1,1000,2000,2,DAYS,0
280-1223-N2,1000,2000,2,DAYS,0
280-1223-N3,1000,2000,2,DAYS,0
280-1241-40,2000,1000,2,DAYS,0
280-1241-40,1000,2000,2,DAYS,0
280-1312-27,1000,2000,2,DAYS,0
280-1312-29,1000,2000,2,DAYS,0
280-1312-31,1000,2000,2,DAYS,0
280-1312-33,1000,2000,2,DAYS,0
280-1314,1000,5000,11,DAYS,1
280-1314,2000,5000,11,DAYS,2
280-1334-27,1000,2000,2,DAYS,0
280-1334-29,1000,2000,2,DAYS,0
280-1334-31,1000,2000,2,DAYS,0
280-1334-33,1000,2000,2,DAYS,0
280-1428,2000,1000,2,DAYS,-1176
280-1428,1000,2000,2,DAYS,0
280-1459,1000,5000,11,DAYS,1
280-1459,2000,5000,11,DAYS,2
280-1460,1000,5000,11,DAYS,1
280-1460,2000,5000,11,DAYS,2
280-1475,2000,1000,2,DAYS,0
280-1475,1000,2000,2,DAYS,0
280-1480-27,1000,2000,2,DAYS,0
280-1480-29,1000,2000,2,DAYS,0
280-1480-31,1000,2000,2,DAYS,0
280-1480-33,1000,2000,2,DAYS,0
280-1497-40,2000,1000,2,DAYS,0
280-1497-40,1000,2000,2,DAYS,0
280-1498-27,1000,2000,2,DAYS,0
280-1498-29,1000,2000,2,DAYS,0
280-1498-31,1000,2000,2,DAYS,0
280-1498-33,1000,2000,2,DAYS,0
280-1600-20,1000,2000,2,DAYS,0
280-1806,1000,5000,11,DAYS,1
280-1806,2000,5000,11,DAYS,-5716
280-1916-CD,2000,1000,2,DAYS,0
280-1916-CD,1000,2000,2,DAYS,0
280-1973-CD,2000,1000,2,DAYS,0
280-1973-CD,1000,2000,2,DAYS,0
283-0116,SUB_PCBA,1000,2,DAYS,0
283-0116,SUB_PCBA,2000,2,DAYS,0
283-0118,SUB_PCBA,1000,2,DAYS,0
283-0118,SUB_PCBA,2000,2,DAYS,0
283-0130,SUB_PCBA,1000,2,DAYS,0
283-0130,SUB_PCBA,2000,2,DAYS,0
500-3301,1000,VIRTUAL,0,DAYS,0
500-3301,2000,VIRTUAL,0,DAYS,0
500-3394,1000,VIRTUAL,0,DAYS,0
500-3394,2000,VIRTUAL,0,DAYS,0
500-3394-05,1000,VIRTUAL,0,DAYS,0
500-3394-05,2000,VIRTUAL,0,DAYS,0
500-3418,1000,VIRTUAL,0,DAYS,0
500-3418,2000,VIRTUAL,0,DAYS,0
500-3490,1000,VIRTUAL,0,DAYS,0
500-3490,2000,VIRTUAL,0,DAYS,0
500-3633,1000,VIRTUAL,0,DAYS,0
500-3633,2000,VIRTUAL,0,DAYS,0
500-3633-01,1000,VIRTUAL,0,DAYS,0
500-3633-01,2000,VIRTUAL,0,DAYS,0
500-3633-04,1000,VIRTUAL,0,DAYS,0
500-3633-04,2000,VIRTUAL,0,DAYS,0
500-3644,1000,VIRTUAL,0,DAYS,0
500-3644,2000,VIRTUAL,0,DAYS,0
500-3662,1000,VIRTUAL,0,DAYS,0
500-3662,2000,VIRTUAL,0,DAYS,0
500-3695,1000,VIRTUAL,0,DAYS,0
500-3695,2000,VIRTUAL,0,DAYS,0
500-3712,1000,VIRTUAL,0,DAYS,0
500-3712,2000,VIRTUAL,0,DAYS,0
500-3717,1000,VIRTUAL,0,DAYS,0
500-3717,2000,VIRTUAL,0,DAYS,0
500-3776-01,1000,VIRTUAL,0,DAYS,0
500-3776-01,2000,VIRTUAL,0,DAYS,0
500-3776-02,1000,VIRTUAL,0,DAYS,-112
500-3776-02,2000,VIRTUAL,0,DAYS,-236
500-3776-02-RW,1000,VIRTUAL,0,DAYS,0
500-3776-03,1000,VIRTUAL,0,DAYS,0
500-3776-03,2000,VIRTUAL,0,DAYS,0
500-3776-04,1000,VIRTUAL,0,DAYS,0
500-3776-04,2000,VIRTUAL,0,DAYS,0
500-3806,1000,VIRTUAL,0,DAYS,0
500-3806,2000,VIRTUAL,0,DAYS,0
500-3816,1000,VIRTUAL,0,DAYS,-1
500-3816,2000,VIRTUAL,0,DAYS,0
500-3817,1000,VIRTUAL,0,DAYS,0
500-3817,2000,VIRTUAL,0,DAYS,0
500-3817-01,1000,VIRTUAL,0,DAYS,0
500-3817-01,2000,VIRTUAL,0,DAYS,0
500-3817-04,1000,VIRTUAL,0,DAYS,0
500-3817-04,2000,VIRTUAL,0,DAYS,0
500-3820,1000,VIRTUAL,0,DAYS,0
500-3820,2000,VIRTUAL,0,DAYS,0
500-3820-04,1000,VIRTUAL,0,DAYS,0
500-3820-04,2000,VIRTUAL,0,DAYS,0
500-3822,1000,VIRTUAL,0,DAYS,0
500-3822,2000,VIRTUAL,0,DAYS,0
500-3823,1000,VIRTUAL,0,DAYS,0
500-3823,2000,VIRTUAL,0,DAYS,0
500-3827,1000,VIRTUAL,0,DAYS,0
500-3827,2000,VIRTUAL,0,DAYS,0
500-3848,1000,VIRTUAL,0,DAYS,0
500-3848,2000,VIRTUAL,0,DAYS,0
500-3853-01,1000,VIRTUAL,0,DAYS,0
500-3853-01,2000,VIRTUAL,0,DAYS,0
500-3853-02,1000,VIRTUAL,0,DAYS,0
500-3853-02,2000,VIRTUAL,0,DAYS,0
500-3853-03,1000,VIRTUAL,0,DAYS,0
500-3853-03,2000,VIRTUAL,0,DAYS,0
500-3901-01,1000,VIRTUAL,0,DAYS,0
500-3901-01,2000,VIRTUAL,0,DAYS,0
500-3901-02,1000,VIRTUAL,0,DAYS,0
500-3901-02,2000,VIRTUAL,0,DAYS,0
500-3913,1000,VIRTUAL,0,DAYS,0
500-3913,2000,VIRTUAL,0,DAYS,0
500-3913-02,1000,VIRTUAL,0,DAYS,0
500-3913-02,2000,VIRTUAL,0,DAYS,0
500-3913-03,1000,VIRTUAL,0,DAYS,0
500-3913-03,2000,VIRTUAL,0,DAYS,0
500-3916,1000,VIRTUAL,0,DAYS,0
500-3916,2000,VIRTUAL,0,DAYS,0
500-3917,1000,VIRTUAL,0,DAYS,0
500-3917,2000,VIRTUAL,0,DAYS,0
500-3918,1000,VIRTUAL,0,DAYS,0
500-3918,2000,VIRTUAL,0,DAYS,0
500-3922,1000,VIRTUAL,0,DAYS,0
500-3922,2000,VIRTUAL,0,DAYS,0
500-3925,1000,VIRTUAL,0,DAYS,0
500-3925,2000,VIRTUAL,0,DAYS,0
500-3925-02,1000,VIRTUAL,0,DAYS,0
500-3925-02,2000,VIRTUAL,0,DAYS,0
500-3926,1000,VIRTUAL,0,DAYS,0
500-3926,2000,VIRTUAL,0,DAYS,0
500-3927,1000,VIRTUAL,0,DAYS,0
500-3927,2000,VIRTUAL,0,DAYS,0
500-3927-02,1000,VIRTUAL,0,DAYS,0
500-3927-02,2000,VIRTUAL,0,DAYS,0
500-3928,1000,VIRTUAL,0,DAYS,0
500-3928,2000,VIRTUAL,0,DAYS,0
500-3940,1000,VIRTUAL,0,DAYS,0
500-3940,2000,VIRTUAL,0,DAYS,0
500-3941,1000,VIRTUAL,0,DAYS,0
500-3941,2000,VIRTUAL,0,DAYS,0
500-3943,1000,VIRTUAL,0,DAYS,0
500-3943,2000,VIRTUAL,0,DAYS,0
500-3953-02,1000,VIRTUAL,0,DAYS,0
500-3953-02,2000,VIRTUAL,0,DAYS,0
500-3953-06,1000,VIRTUAL,0,DAYS,0
500-3953-06,2000,VIRTUAL,0,DAYS,0
500-3953-06-TW,1000,VIRTUAL,0,DAYS,0
500-3954-01,1000,VIRTUAL,0,DAYS,0
500-3954-01,2000,VIRTUAL,0,DAYS,0
500-3954-02,1000,VIRTUAL,0,DAYS,0
500-3954-02,2000,VIRTUAL,0,DAYS,0
500-3954-03,1000,VIRTUAL,0,DAYS,0
500-3954-03,2000,VIRTUAL,0,DAYS,0
500-3954-05,1000,VIRTUAL,0,DAYS,0
500-3954-05,2000,VIRTUAL,0,DAYS,0
500-3954-06,1000,VIRTUAL,0,DAYS,0
500-3954-06,2000,VIRTUAL,0,DAYS,0
500-3956,1000,VIRTUAL,0,DAYS,0
500-3956,2000,VIRTUAL,0,DAYS,0
500-3971-02,1000,VIRTUAL,0,DAYS,0
500-3971-02,2000,VIRTUAL,0,DAYS,0
500-3972-01,1000,VIRTUAL,0,DAYS,0
500-3972-01,2000,VIRTUAL,0,DAYS,0
500-3972-02,1000,VIRTUAL,0,DAYS,0
500-3972-02,2000,VIRTUAL,0,DAYS,0
500-3984,1000,VIRTUAL,0,DAYS,0
500-3984,2000,VIRTUAL,0,DAYS,0
500-3986-01,1000,VIRTUAL,0,DAYS,0
500-3986-01,2000,VIRTUAL,0,DAYS,0
500-3987-01,1000,VIRTUAL,0,DAYS,0
500-3987-01,2000,VIRTUAL,0,DAYS,0
500-3987-02,1000,VIRTUAL,0,DAYS,0
500-3987-02,2000,VIRTUAL,0,DAYS,0
500-3987-03,1000,VIRTUAL,0,DAYS,0
500-3987-03,2000,VIRTUAL,0,DAYS,0
500-4001,1000,VIRTUAL,0,DAYS,0
500-4001,2000,VIRTUAL,0,DAYS,0
500-4008,1000,VIRTUAL,0,DAYS,0
500-4008,2000,VIRTUAL,0,DAYS,0
500-4011-01,1000,VIRTUAL,0,DAYS,0
500-4011-01,2000,VIRTUAL,0,DAYS,0
500-4012-01,1000,VIRTUAL,0,DAYS,0
500-4012-01,2000,VIRTUAL,0,DAYS,0
500-4013-01,1000,VIRTUAL,0,DAYS,0
500-4013-01,2000,VIRTUAL,0,DAYS,0
500-4014-01,1000,VIRTUAL,0,DAYS,0
500-4014-01,2000,VIRTUAL,0,DAYS,0
500-4021,1000,VIRTUAL,0,DAYS,0
500-4021,2000,VIRTUAL,0,DAYS,0
500-4022-02,1000,VIRTUAL,0,DAYS,0
500-4022-02,2000,VIRTUAL,0,DAYS,0
500-4023-01,1000,VIRTUAL,0,DAYS,0
500-4023-01,2000,VIRTUAL,0,DAYS,0
500-4023-02,1000,VIRTUAL,0,DAYS,0
500-4023-02,2000,VIRTUAL,0,DAYS,0
500-4028-01,1000,VIRTUAL,0,DAYS,0
500-4028-01,2000,VIRTUAL,0,DAYS,0
500-4028-02,1000,VIRTUAL,0,DAYS,0
500-4028-02,2000,VIRTUAL,0,DAYS,0
500-4037,1000,VIRTUAL,0,DAYS,0
500-4037,2000,VIRTUAL,0,DAYS,0
500-4039-02,1000,VIRTUAL,0,DAYS,0
500-4039-02,2000,VIRTUAL,0,DAYS,0
500-4046,1000,VIRTUAL,0,DAYS,0
500-4046,2000,VIRTUAL,0,DAYS,0
500-4065-01,1000,VIRTUAL,0,DAYS,0
500-4065-01,2000,VIRTUAL,0,DAYS,0
500-4066-01,1000,VIRTUAL,0,DAYS,0
500-4066-01,2000,VIRTUAL,0,DAYS,0
500-4066-02,1000,VIRTUAL,0,DAYS,-47
500-4066-02,2000,VIRTUAL,0,DAYS,-236
500-4067-01,1000,VIRTUAL,0,DAYS,0
500-4067-01,2000,VIRTUAL,0,DAYS,0
500-4067-02,1000,VIRTUAL,0,DAYS,-441
500-4067-02,2000,VIRTUAL,0,DAYS,-522
500-4074-01,1000,VIRTUAL,0,DAYS,0
500-4074-01,2000,VIRTUAL,0,DAYS,0
500-4074-02,1000,VIRTUAL,0,DAYS,0
500-4074-02,2000,VIRTUAL,0,DAYS,0
500-4102,1000,VIRTUAL,0,DAYS,0
500-4102,2000,VIRTUAL,0,DAYS,0
500-4103,1000,VIRTUAL,0,DAYS,0
500-4103,2000,VIRTUAL,0,DAYS,0
500-4106,1000,VIRTUAL,0,DAYS,0
500-4106,2000,VIRTUAL,0,DAYS,0
500-4106-01,1000,VIRTUAL,0,DAYS,0
500-4106-01,2000,VIRTUAL,0,DAYS,0
500-4110,1000,VIRTUAL,0,DAYS,0
500-4110,2000,VIRTUAL,0,DAYS,0
500-4114,1000,VIRTUAL,0,DAYS,0
500-4114,2000,VIRTUAL,0,DAYS,0
500-4128,1000,VIRTUAL,0,DAYS,0
500-4128,2000,VIRTUAL,0,DAYS,0
500-4129,1000,VIRTUAL,0,DAYS,0
500-4129,2000,VIRTUAL,0,DAYS,0
500-4164-02,1000,VIRTUAL,0,DAYS,0
500-4164-02,2000,VIRTUAL,0,DAYS,0
500-4170,1000,VIRTUAL,0,DAYS,0
500-4170,2000,VIRTUAL,0,DAYS,0
500-4189,1000,VIRTUAL,0,DAYS,0
500-4189,2000,VIRTUAL,0,DAYS,0
500-4190,1000,VIRTUAL,0,DAYS,0
500-4190,2000,VIRTUAL,0,DAYS,0
500-4210,1000,VIRTUAL,0,DAYS,0
500-4210,2000,VIRTUAL,0,DAYS,0
500-4211,1000,VIRTUAL,0,DAYS,0
500-4211,2000,VIRTUAL,0,DAYS,0
500-4212,1000,VIRTUAL,0,DAYS,0
500-4212,2000,VIRTUAL,0,DAYS,0
500-4216,1000,VIRTUAL,0,DAYS,0
500-4216,2000,VIRTUAL,0,DAYS,0
500-4218-01,1000,VIRTUAL,0,DAYS,0
500-4218-01,2000,VIRTUAL,0,DAYS,0
500-4218-02,1000,VIRTUAL,0,DAYS,0
500-4218-02,2000,VIRTUAL,0,DAYS,0
500-4218-03,1000,VIRTUAL,0,DAYS,0
500-4218-03,2000,VIRTUAL,0,DAYS,0
500-4219-01,1000,VIRTUAL,0,DAYS,0
500-4219-01,2000,VIRTUAL,0,DAYS,0
500-4219-02,1000,VIRTUAL,0,DAYS,0
500-4219-02,2000,VIRTUAL,0,DAYS,0
500-4219-03,1000,VIRTUAL,0,DAYS,0
500-4219-03,2000,VIRTUAL,0,DAYS,0
500-4219-04,1000,VIRTUAL,0,DAYS,0
500-4219-04,2000,VIRTUAL,0,DAYS,0
500-4232,1000,VIRTUAL,0,DAYS,0
500-4232,2000,VIRTUAL,0,DAYS,0
500-4233,1000,VIRTUAL,0,DAYS,0
500-4233,2000,VIRTUAL,0,DAYS,0
500-4290,1000,VIRTUAL,0,DAYS,0
500-4290,2000,VIRTUAL,0,DAYS,0
500-4291,1000,VIRTUAL,0,DAYS,0
500-4291,2000,VIRTUAL,0,DAYS,0
500-4292,1000,VIRTUAL,0,DAYS,-402
500-4292,2000,VIRTUAL,0,DAYS,-1070
500-4293,1000,VIRTUAL,0,DAYS,-915
500-4293,2000,VIRTUAL,0,DAYS,-3190
500-4294-02,1000,VIRTUAL,0,DAYS,0
500-4294-02,2000,VIRTUAL,0,DAYS,0
500-4294-02-TW,1000,VIRTUAL,0,DAYS,0
500-4295-02,1000,VIRTUAL,0,DAYS,0
500-4295-02,2000,VIRTUAL,0,DAYS,0
500-4295-02-TW,1000,VIRTUAL,0,DAYS,0
500-4296-02,1000,VIRTUAL,0,DAYS,0
500-4296-02,2000,VIRTUAL,0,DAYS,0
500-4297-02,1000,VIRTUAL,0,DAYS,0
500-4297-02,2000,VIRTUAL,0,DAYS,0
500-4305,1000,VIRTUAL,0,DAYS,0
500-4305,2000,VIRTUAL,0,DAYS,0
500-4306,1000,VIRTUAL,0,DAYS,0
500-4306,2000,VIRTUAL,0,DAYS,0
500-4323,1000,VIRTUAL,0,DAYS,0
500-4323,2000,VIRTUAL,0,DAYS,0
500-4324,1000,VIRTUAL,0,DAYS,0
500-4324,2000,VIRTUAL,0,DAYS,0
500-4325,1000,VIRTUAL,0,DAYS,0
500-4325,2000,VIRTUAL,0,DAYS,0
500-4326,1000,VIRTUAL,0,DAYS,0
500-4326,2000,VIRTUAL,0,DAYS,0
500-4327,1000,VIRTUAL,0,DAYS,0
500-4327,2000,VIRTUAL,0,DAYS,0
500-4329,1000,VIRTUAL,0,DAYS,0
500-4329,2000,VIRTUAL,0,DAYS,0
500-4330,1000,VIRTUAL,0,DAYS,0
500-4330,2000,VIRTUAL,0,DAYS,0
500-4331,1000,VIRTUAL,0,DAYS,0
500-4331,2000,VIRTUAL,0,DAYS,0
500-4332,1000,VIRTUAL,0,DAYS,0
500-4332,2000,VIRTUAL,0,DAYS,0
500-4333,1000,VIRTUAL,0,DAYS,0
500-4333,2000,VIRTUAL,0,DAYS,0
500-4336,1000,VIRTUAL,0,DAYS,0
500-4336,2000,VIRTUAL,0,DAYS,0
500-4337,1000,VIRTUAL,0,DAYS,0
500-4337,2000,VIRTUAL,0,DAYS,0
500-4338,1000,VIRTUAL,0,DAYS,0
500-4338,2000,VIRTUAL,0,DAYS,0
500-4339,1000,VIRTUAL,0,DAYS,0
500-4339,2000,VIRTUAL,0,DAYS,0
500-4341,1000,VIRTUAL,0,DAYS,0
500-4341,2000,VIRTUAL,0,DAYS,0
500-4342,1000,VIRTUAL,0,DAYS,0
500-4342,2000,VIRTUAL,0,DAYS,0
500-4376,1000,VIRTUAL,0,DAYS,0
500-4376,2000,VIRTUAL,0,DAYS,0
500-4377,1000,VIRTUAL,0,DAYS,0
500-4377,2000,VIRTUAL,0,DAYS,0
500-4378,1000,VIRTUAL,0,DAYS,-205
500-4378,2000,VIRTUAL,0,DAYS,-374
500-4393-01,1000,VIRTUAL,0,DAYS,0
500-4393-01,2000,VIRTUAL,0,DAYS,0
500-4393-02,1000,VIRTUAL,0,DAYS,0
500-4393-02,2000,VIRTUAL,0,DAYS,0
500-4393-03,1000,VIRTUAL,0,DAYS,0
500-4393-03,2000,VIRTUAL,0,DAYS,0
500-4393-04,1000,VIRTUAL,0,DAYS,0
500-4393-04,2000,VIRTUAL,0,DAYS,0
500-4465,1000,VIRTUAL,0,DAYS,0
500-4483,1000,VIRTUAL,0,DAYS,0
500-4483,2000,VIRTUAL,0,DAYS,0
500-4494,1000,VIRTUAL,0,DAYS,0
500-4515,1000,VIRTUAL,0,DAYS,0
500-4516,1000,VIRTUAL,0,DAYS,-2
500-4516,2000,VIRTUAL,0,DAYS,-2
500-4519,1000,VIRTUAL,0,DAYS,0
500-4537,1000,VIRTUAL,0,DAYS,0
500-4561,1000,VIRTUAL,0,DAYS,-387
500-4562,1000,VIRTUAL,0,DAYS,-19
500-4562,2000,VIRTUAL,0,DAYS,-28
500-4587,1000,VIRTUAL,0,DAYS,0
500-4587,2000,VIRTUAL,0,DAYS,0
500-4607,1000,VIRTUAL,0,DAYS,0
500-4607,2000,VIRTUAL,0,DAYS,0
500-4607-TW,1000,VIRTUAL,0,DAYS,0
500-4608,1000,VIRTUAL,0,DAYS,0
500-4608,2000,VIRTUAL,0,DAYS,0
500-4609,1000,VIRTUAL,0,DAYS,0
500-4609,2000,VIRTUAL,0,DAYS,0
500-4610,1000,VIRTUAL,0,DAYS,0
500-4610,2000,VIRTUAL,0,DAYS,0
500-4611,1000,VIRTUAL,0,DAYS,-1617
500-4611,2000,VIRTUAL,0,DAYS,-4674
500-4623,1000,VIRTUAL,0,DAYS,0
500-4623,2000,VIRTUAL,0,DAYS,0
500-4624,1000,VIRTUAL,0,DAYS,0
500-4624,2000,VIRTUAL,0,DAYS,0
500-4639,1000,VIRTUAL,0,DAYS,-803
500-4639,2000,VIRTUAL,0,DAYS,-1172
500-4640,1000,VIRTUAL,0,DAYS,-1164
500-4640,2000,VIRTUAL,0,DAYS,-2328
500-4672,1000,VIRTUAL,0,DAYS,-285
500-4672,2000,VIRTUAL,0,DAYS,-678
500-4692,1000,VIRTUAL,0,DAYS,-192
500-4692,2000,VIRTUAL,0,DAYS,-218
500-4693,1000,VIRTUAL,0,DAYS,0
500-4693,2000,VIRTUAL,0,DAYS,-28
500-4703,1000,VIRTUAL,0,DAYS,0
500-4703,2000,VIRTUAL,0,DAYS,0
500-4709,1000,VIRTUAL,0,DAYS,0
500-4709,2000,VIRTUAL,0,DAYS,0
500-4752,1000,VIRTUAL,0,DAYS,-1839
500-4752,2000,VIRTUAL,0,DAYS,-2952
500-4753,1000,VIRTUAL,0,DAYS,0
500-4773,1000,VIRTUAL,0,DAYS,0
500-4773,2000,VIRTUAL,0,DAYS,0
500-4779,1000,VIRTUAL,0,DAYS,0
500-4791,1000,VIRTUAL,0,DAYS,0
500-4791,2000,VIRTUAL,0,DAYS,0
500-4792,1000,VIRTUAL,0,DAYS,-12
500-4792,2000,VIRTUAL,0,DAYS,-24
500-4793,1000,VIRTUAL,0,DAYS,0
500-4793,2000,VIRTUAL,0,DAYS,0
500-4794,1000,VIRTUAL,0,DAYS,0
500-4794,2000,VIRTUAL,0,DAYS,0
500-4835,1000,VIRTUAL,0,DAYS,-56
500-4847,1000,VIRTUAL,0,DAYS,0
500-4850,1000,VIRTUAL,0,DAYS,0
500-4888,1000,VIRTUAL,0,DAYS,-622
500-4888,2000,VIRTUAL,0,DAYS,-488
500-4889,1000,VIRTUAL,0,DAYS,-228
500-4889,2000,VIRTUAL,0,DAYS,-132
500-4890,1000,VIRTUAL,0,DAYS,-458
500-4890,2000,VIRTUAL,0,DAYS,-2184
500-4910,1000,VIRTUAL,0,DAYS,0
500-4912,1000,VIRTUAL,0,DAYS,0
500-4912,2000,VIRTUAL,0,DAYS,0
500-4925,1000,VIRTUAL,0,DAYS,-18
500-4925,2000,VIRTUAL,0,DAYS,-6
500-4955,1000,VIRTUAL,0,DAYS,-13
500-4955,2000,VIRTUAL,0,DAYS,-100
500-4956,1000,VIRTUAL,0,DAYS,0
500-4956,2000,VIRTUAL,0,DAYS,0
500-4957,1000,VIRTUAL,0,DAYS,-5293
500-4957,2000,VIRTUAL,0,DAYS,-9702
500-4961-001,1000,VIRTUAL,0,DAYS,0
500-4961-002,1000,VIRTUAL,0,DAYS,-1
500-4961-003,1000,VIRTUAL,0,DAYS,-7
500-4961-005,1000,VIRTUAL,0,DAYS,0
500-4961-007,1000,VIRTUAL,0,DAYS,-6
500-4961-010,1000,VIRTUAL,0,DAYS,-5
500-4961-015,1000,VIRTUAL,0,DAYS,-2
500-4961-020,1000,VIRTUAL,0,DAYS,-2
500-4961-030,1000,VIRTUAL,0,DAYS,0
500-4962-010,1000,VIRTUAL,0,DAYS,-13
500-4962-020,1000,VIRTUAL,0,DAYS,-2
500-4962-0P5,1000,VIRTUAL,0,DAYS,-94
500-4973,1000,VIRTUAL,0,DAYS,0
500-4973,2000,VIRTUAL,0,DAYS,0
500-4987,1000,VIRTUAL,0,DAYS,0
500-4987,2000,VIRTUAL,0,DAYS,0
500-5008,1000,VIRTUAL,0,DAYS,0
500-5008,2000,VIRTUAL,0,DAYS,0
500-5008-TW,1000,VIRTUAL,0,DAYS,0
500-5009,1000,VIRTUAL,0,DAYS,0
500-5009,2000,VIRTUAL,0,DAYS,0
500-5009-TW,1000,VIRTUAL,0,DAYS,0
500-5010,1000,VIRTUAL,0,DAYS,-556
500-5010,2000,VIRTUAL,0,DAYS,-5758
500-5030,1000,VIRTUAL,0,DAYS,0
500-5031,1000,VIRTUAL,0,DAYS,0
500-5054,1000,VIRTUAL,0,DAYS,0
500-5054,2000,VIRTUAL,0,DAYS,0
500-5056,1000,VIRTUAL,0,DAYS,-403
500-5056,2000,VIRTUAL,0,DAYS,-458
500-5057,1000,VIRTUAL,0,DAYS,-153
500-5057,2000,VIRTUAL,0,DAYS,-312
500-5059,1000,VIRTUAL,0,DAYS,0
500-5059,2000,VIRTUAL,0,DAYS,0
500-5060,1000,VIRTUAL,0,DAYS,-118
500-5060,2000,VIRTUAL,0,DAYS,-236
500-5071-TW,1000,VIRTUAL,0,DAYS,0
500-5096,1000,VIRTUAL,0,DAYS,0
500-5096,2000,VIRTUAL,0,DAYS,0
500-5101,1000,VIRTUAL,0,DAYS,0
500-5101,2000,VIRTUAL,0,DAYS,0
500-5102,1000,VIRTUAL,0,DAYS,0
500-5102,2000,VIRTUAL,0,DAYS,0
500-5149,1000,VIRTUAL,0,DAYS,0
500-5149,2000,VIRTUAL,0,DAYS,0
500-5160,1000,VIRTUAL,0,DAYS,0
500-5172,1000,VIRTUAL,0,DAYS,0
500-5178,1000,VIRTUAL,0,DAYS,0
500-5196,1000,VIRTUAL,0,DAYS,-6
500-5197,1000,VIRTUAL,0,DAYS,0
500-5202-005,1000,VIRTUAL,0,DAYS,0
500-5202-007,1000,VIRTUAL,0,DAYS,0
500-5202-010,1000,VIRTUAL,0,DAYS,0
500-5202-020,1000,VIRTUAL,0,DAYS,0
500-5215-010,1000,VIRTUAL,0,DAYS,0
500-5216-003,1000,VIRTUAL,0,DAYS,0
500-5216-005,1000,VIRTUAL,0,DAYS,0
500-5216-007,1000,VIRTUAL,0,DAYS,0
500-5216-010,1000,VIRTUAL,0,DAYS,0
500-5216-030,1000,VIRTUAL,0,DAYS,0
500-5274,1000,VIRTUAL,0,DAYS,-4
500-5274,2000,VIRTUAL,0,DAYS,0
500-5275,1000,VIRTUAL,0,DAYS,-206
500-5275,2000,VIRTUAL,0,DAYS,-594
500-5281,1000,VIRTUAL,0,DAYS,-60
500-5281,2000,VIRTUAL,0,DAYS,-120
500-5282,1000,VIRTUAL,0,DAYS,-5
500-5282,2000,VIRTUAL,0,DAYS,0
500-5329,1000,VIRTUAL,0,DAYS,0
500-5359,1000,VIRTUAL,0,DAYS,-1129
500-5359,2000,VIRTUAL,0,DAYS,-3076
500-5384,1000,VIRTUAL,0,DAYS,0
500-5384,2000,VIRTUAL,0,DAYS,-216
500-5387,1000,VIRTUAL,0,DAYS,0
500-5387,2000,VIRTUAL,0,DAYS,0
500-5391-001,1000,VIRTUAL,0,DAYS,-3266
500-5391-002,1000,VIRTUAL,0,DAYS,-1647
500-5391-003,1000,VIRTUAL,0,DAYS,-5576
500-5391-005,1000,VIRTUAL,0,DAYS,-1221
500-5391-007,1000,VIRTUAL,0,DAYS,-2290
500-5391-010,1000,VIRTUAL,0,DAYS,-2678
500-5391-015,1000,VIRTUAL,0,DAYS,-969
500-5391-020,1000,VIRTUAL,0,DAYS,-381
500-5391-025,1000,VIRTUAL,0,DAYS,-115
500-5391-030,1000,VIRTUAL,0,DAYS,-1266
500-5392,1000,VIRTUAL,0,DAYS,-1
500-5392,2000,VIRTUAL,0,DAYS,0
500-5393,1000,VIRTUAL,0,DAYS,0
500-5394,1000,VIRTUAL,0,DAYS,0
500-5423,1000,VIRTUAL,0,DAYS,-1
500-5423,2000,VIRTUAL,0,DAYS,-2
500-5424,1000,VIRTUAL,0,DAYS,0
500-5481,1000,VIRTUAL,0,DAYS,-28961
500-5481,2000,VIRTUAL,0,DAYS,-10050
500-5495-001,1000,VIRTUAL,0,DAYS,-155
500-5495-002,1000,VIRTUAL,0,DAYS,0
500-5495-003,1000,VIRTUAL,0,DAYS,-32
500-5495-005,1000,VIRTUAL,0,DAYS,-2
500-5495-007,1000,VIRTUAL,0,DAYS,0
500-5495-010,1000,VIRTUAL,0,DAYS,0
500-5495-015,1000,VIRTUAL,0,DAYS,0
500-5495-020,1000,VIRTUAL,0,DAYS,0
500-5495-025,1000,VIRTUAL,0,DAYS,0
500-5495-030,1000,VIRTUAL,0,DAYS,-1
500-5499,1000,VIRTUAL,0,DAYS,-4106
500-5499,2000,VIRTUAL,0,DAYS,-2694
500-5500,1000,VIRTUAL,0,DAYS,-11736
500-5500,2000,VIRTUAL,0,DAYS,-6570
500-5522,1000,VIRTUAL,0,DAYS,-711
500-5522,2000,VIRTUAL,0,DAYS,-2758
500-5523,1000,VIRTUAL,0,DAYS,-80
500-5523,2000,VIRTUAL,0,DAYS,-40
500-5529,1000,VIRTUAL,0,DAYS,-2568
500-5529,2000,VIRTUAL,0,DAYS,-4718
500-5530,1000,VIRTUAL,0,DAYS,0
500-5531,1000,VIRTUAL,0,DAYS,0
500-5531,2000,VIRTUAL,0,DAYS,0
500-5550,1000,VIRTUAL,0,DAYS,-736
500-5550,2000,VIRTUAL,0,DAYS,-1420
500-5586,1000,VIRTUAL,0,DAYS,0
500-5586,2000,VIRTUAL,0,DAYS,0
500-5594,1000,VIRTUAL,0,DAYS,-78
500-5594,2000,VIRTUAL,0,DAYS,-628
500-5595,1000,VIRTUAL,0,DAYS,-487
500-5595,2000,VIRTUAL,0,DAYS,-628
500-5596,1000,VIRTUAL,0,DAYS,0
500-5596,2000,VIRTUAL,0,DAYS,0
500-5601,1000,VIRTUAL,0,DAYS,-82
500-5601,2000,VIRTUAL,0,DAYS,-2
500-5602,1000,VIRTUAL,0,DAYS,0
500-5603,1000,VIRTUAL,0,DAYS,0
500-5604,1000,VIRTUAL,0,DAYS,0
500-5605,1000,VIRTUAL,0,DAYS,0
500-5610,1000,VIRTUAL,0,DAYS,0
500-5610,2000,VIRTUAL,0,DAYS,0
500-5614-001,1000,VIRTUAL,0,DAYS,-57
500-5614-002,1000,VIRTUAL,0,DAYS,-385
500-5614-003,1000,VIRTUAL,0,DAYS,-72
500-5614-005,1000,VIRTUAL,0,DAYS,-276
500-5614-007,1000,VIRTUAL,0,DAYS,-71
500-5614-010,1000,VIRTUAL,0,DAYS,-111
500-5614-015,1000,VIRTUAL,0,DAYS,-51
500-5614-020,1000,VIRTUAL,0,DAYS,-95
500-5614-025,1000,VIRTUAL,0,DAYS,0
500-5614-030,1000,VIRTUAL,0,DAYS,-121
500-5615-001,1000,VIRTUAL,0,DAYS,0
500-5615-002,1000,VIRTUAL,0,DAYS,0
500-5615-003,1000,VIRTUAL,0,DAYS,0
500-5615-005,1000,VIRTUAL,0,DAYS,0
500-5615-007,1000,VIRTUAL,0,DAYS,0
500-5615-010,1000,VIRTUAL,0,DAYS,0
500-5615-015,1000,VIRTUAL,0,DAYS,0
500-5615-020,1000,VIRTUAL,0,DAYS,0
500-5615-025,1000,VIRTUAL,0,DAYS,0
500-5615-030,1000,VIRTUAL,0,DAYS,0
500-5633-003,1000,VIRTUAL,0,DAYS,0
500-5633-005,1000,VIRTUAL,0,DAYS,0
500-5633-007,1000,VIRTUAL,0,DAYS,0
500-5633-010,1000,VIRTUAL,0,DAYS,0
500-5633-020,1000,VIRTUAL,0,DAYS,0
500-5633-030,1000,VIRTUAL,0,DAYS,0
500-5634,1000,VIRTUAL,0,DAYS,0
500-5679,1000,VIRTUAL,0,DAYS,0
500-5679,2000,VIRTUAL,0,DAYS,0
500-5680,1000,VIRTUAL,0,DAYS,-1233
500-5680,2000,VIRTUAL,0,DAYS,-6032
500-5703,1000,VIRTUAL,0,DAYS,-575
500-5703,2000,VIRTUAL,0,DAYS,-488
500-5773,1000,VIRTUAL,0,DAYS,-6631
500-5773,2000,VIRTUAL,0,DAYS,-6930
500-5782,1000,VIRTUAL,0,DAYS,0
500-5785,1000,VIRTUAL,0,DAYS,-4067
500-5785,2000,VIRTUAL,0,DAYS,-14238
500-5800,1000,VIRTUAL,0,DAYS,0
500-5800,2000,VIRTUAL,0,DAYS,0
500-5818,1000,VIRTUAL,0,DAYS,-28
500-5818,2000,VIRTUAL,0,DAYS,-14
500-5819,1000,VIRTUAL,0,DAYS,-108
500-5819,2000,VIRTUAL,0,DAYS,-444
500-5850,1000,VIRTUAL,0,DAYS,0
500-5850,2000,VIRTUAL,0,DAYS,0
500-5851,1000,VIRTUAL,0,DAYS,0
500-5851,2000,VIRTUAL,0,DAYS,-2
500-5854,1000,VIRTUAL,0,DAYS,0
500-5854,2000,VIRTUAL,0,DAYS,0
500-5934,1000,VIRTUAL,0,DAYS,0
500-5935,1000,VIRTUAL,0,DAYS,0
500-5957,1000,VIRTUAL,0,DAYS,0
500-5958,1000,VIRTUAL,0,DAYS,-1
500-5958,2000,VIRTUAL,0,DAYS,0
500-5987,1000,VIRTUAL,0,DAYS,0
500-5987,2000,VIRTUAL,0,DAYS,0
500-5988,1000,VIRTUAL,0,DAYS,0
500-5988,2000,VIRTUAL,0,DAYS,-2
500-5989,1000,VIRTUAL,0,DAYS,-24
500-5989,2000,VIRTUAL,0,DAYS,-14
500-5990,1000,VIRTUAL,0,DAYS,-15
500-5990,2000,VIRTUAL,0,DAYS,-12
500-6028,1000,VIRTUAL,0,DAYS,-3146
500-6028,2000,VIRTUAL,0,DAYS,-6292
500-6035,1000,VIRTUAL,0,DAYS,-1546
500-6035,2000,VIRTUAL,0,DAYS,-3586
500-6036,1000,VIRTUAL,0,DAYS,0
500-6037,1000,VIRTUAL,0,DAYS,0
500-6038,1000,VIRTUAL,0,DAYS,0
500-6039,1000,VIRTUAL,0,DAYS,0
500-6059,1000,VIRTUAL,0,DAYS,0
500-6059,2000,VIRTUAL,0,DAYS,0
500-6073,1000,VIRTUAL,0,DAYS,0
500-6073,2000,VIRTUAL,0,DAYS,0
500-6087,1000,VIRTUAL,0,DAYS,0
500-6087,2000,VIRTUAL,0,DAYS,0
500-6095,1000,VIRTUAL,0,DAYS,-2
500-6099,1000,VIRTUAL,0,DAYS,-977
500-6099,2000,VIRTUAL,0,DAYS,-522
500-6137,1000,VIRTUAL,0,DAYS,0
500-6137,2000,VIRTUAL,0,DAYS,0
500-6159-001,1000,VIRTUAL,0,DAYS,-1
500-6159-002,1000,VIRTUAL,0,DAYS,0
500-6159-003,1000,VIRTUAL,0,DAYS,-8
500-6159-005,1000,VIRTUAL,0,DAYS,0
500-6159-007,1000,VIRTUAL,0,DAYS,0
500-6159-010,1000,VIRTUAL,0,DAYS,-1
500-6159-015,1000,VIRTUAL,0,DAYS,-1
500-6159-020,1000,VIRTUAL,0,DAYS,-1
500-6159-025,1000,VIRTUAL,0,DAYS,0
500-6159-030,1000,VIRTUAL,0,DAYS,0
500-6160,1000,VIRTUAL,0,DAYS,-10
500-6160,2000,VIRTUAL,0,DAYS,-6
500-6161,1000,VIRTUAL,0,DAYS,-32
500-6161,2000,VIRTUAL,0,DAYS,-48
500-6200,1000,VIRTUAL,0,DAYS,0
500-6200,2000,VIRTUAL,0,DAYS,0
500-6201,1000,VIRTUAL,0,DAYS,0
500-6201,2000,VIRTUAL,0,DAYS,-2
500-6204,1000,VIRTUAL,0,DAYS,-1078
500-6204,2000,VIRTUAL,0,DAYS,-538
500-6207,1000,VIRTUAL,0,DAYS,0
500-6207,2000,VIRTUAL,0,DAYS,-2
500-6209,1000,VIRTUAL,0,DAYS,0
500-6209,2000,VIRTUAL,0,DAYS,0
500-6212,1000,VIRTUAL,0,DAYS,0
500-6212,2000,VIRTUAL,0,DAYS,0
500-6240,1000,VIRTUAL,0,DAYS,0
500-6240,2000,VIRTUAL,0,DAYS,0
500-6249-003,1000,VIRTUAL,0,DAYS,0
500-6249-005,1000,VIRTUAL,0,DAYS,0
500-6249-007,1000,VIRTUAL,0,DAYS,0
500-6249-010,1000,VIRTUAL,0,DAYS,0
500-6249-020,1000,VIRTUAL,0,DAYS,0
500-6250-003,1000,VIRTUAL,0,DAYS,0
500-6250-005,1000,VIRTUAL,0,DAYS,0
500-6250-007,1000,VIRTUAL,0,DAYS,0
500-6250-010,1000,VIRTUAL,0,DAYS,0
500-6250-020,1000,VIRTUAL,0,DAYS,0
500-6253,1000,VIRTUAL,0,DAYS,0
500-6262,1000,VIRTUAL,0,DAYS,-45
500-6262,2000,VIRTUAL,0,DAYS,-90
500-6266,1000,VIRTUAL,0,DAYS,-594
500-6266,2000,VIRTUAL,0,DAYS,-2570
500-6267,1000,VIRTUAL,0,DAYS,-70
500-6267,2000,VIRTUAL,0,DAYS,-70
500-6277,1000,VIRTUAL,0,DAYS,0
500-6277,2000,VIRTUAL,0,DAYS,0
500-6278,1000,VIRTUAL,0,DAYS,0
500-6278,2000,VIRTUAL,0,DAYS,0
500-6282-003,1000,VIRTUAL,0,DAYS,0
500-6282-005,1000,VIRTUAL,0,DAYS,-1
500-6282-007,1000,VIRTUAL,0,DAYS,0
500-6282-010,1000,VIRTUAL,0,DAYS,-27
500-6282-015,1000,VIRTUAL,0,DAYS,0
500-6282-020,1000,VIRTUAL,0,DAYS,0
500-6283-003,1000,VIRTUAL,0,DAYS,0
500-6283-005,1000,VIRTUAL,0,DAYS,0
500-6283-007,1000,VIRTUAL,0,DAYS,0
500-6283-010,1000,VIRTUAL,0,DAYS,-68
500-6283-015,1000,VIRTUAL,0,DAYS,0
500-6283-020,1000,VIRTUAL,0,DAYS,0
500-6285,1000,VIRTUAL,0,DAYS,-6118
500-6285,2000,VIRTUAL,0,DAYS,-11876
500-6306,1000,VIRTUAL,0,DAYS,-2321
500-6306,2000,VIRTUAL,0,DAYS,-4642
500-6336,1000,VIRTUAL,0,DAYS,-203
500-6336,2000,VIRTUAL,0,DAYS,-638
500-6357-001,1000,VIRTUAL,0,DAYS,0
500-6357-002,1000,VIRTUAL,0,DAYS,0
500-6357-003,1000,VIRTUAL,0,DAYS,0
500-6357-005,1000,VIRTUAL,0,DAYS,0
500-6357-007,1000,VIRTUAL,0,DAYS,0
500-6357-010,1000,VIRTUAL,0,DAYS,0
500-6357-015,1000,VIRTUAL,0,DAYS,0
500-6357-020,1000,VIRTUAL,0,DAYS,0
500-6357-030,1000,VIRTUAL,0,DAYS,0
500-6382-001,1000,VIRTUAL,0,DAYS,0
500-6382-003,1000,VIRTUAL,0,DAYS,0
500-6382-005,1000,VIRTUAL,0,DAYS,0
500-6382-007,1000,VIRTUAL,0,DAYS,0
500-6382-010,1000,VIRTUAL,0,DAYS,-1
500-6382-015,1000,VIRTUAL,0,DAYS,0
500-6382-020,1000,VIRTUAL,0,DAYS,0
500-6382-030,1000,VIRTUAL,0,DAYS,0
500-6383-001,1000,VIRTUAL,0,DAYS,0
500-6383-003,1000,VIRTUAL,0,DAYS,0
500-6383-005,1000,VIRTUAL,0,DAYS,0
500-6383-007,1000,VIRTUAL,0,DAYS,0
500-6383-010,1000,VIRTUAL,0,DAYS,-2
500-6383-015,1000,VIRTUAL,0,DAYS,0
500-6383-020,1000,VIRTUAL,0,DAYS,0
500-6383-030,1000,VIRTUAL,0,DAYS,0
500-6393,1000,VIRTUAL,0,DAYS,0
500-6393,2000,VIRTUAL,0,DAYS,0
500-6394-001,1000,VIRTUAL,0,DAYS,0
500-6394-002,1000,VIRTUAL,0,DAYS,0
500-6394-003,1000,VIRTUAL,0,DAYS,0
500-6394-005,1000,VIRTUAL,0,DAYS,0
500-6394-007,1000,VIRTUAL,0,DAYS,0
500-6394-010,1000,VIRTUAL,0,DAYS,0
500-6394-015,1000,VIRTUAL,0,DAYS,0
500-6394-020,1000,VIRTUAL,0,DAYS,0
500-6394-030,1000,VIRTUAL,0,DAYS,0
500-6412,1000,VIRTUAL,0,DAYS,0
500-6412,2000,VIRTUAL,0,DAYS,0
500-6413,1000,VIRTUAL,0,DAYS,0
500-6413,2000,VIRTUAL,0,DAYS,0
500-6414,1000,VIRTUAL,0,DAYS,0
500-6414,2000,VIRTUAL,0,DAYS,0
500-6415,1000,VIRTUAL,0,DAYS,0
500-6415,2000,VIRTUAL,0,DAYS,0
500-6417,1000,VIRTUAL,0,DAYS,-209
500-6417,2000,VIRTUAL,0,DAYS,-314
500-6418,1000,VIRTUAL,0,DAYS,0
500-6418,2000,VIRTUAL,0,DAYS,0
500-6419,1000,VIRTUAL,0,DAYS,0
500-6419,2000,VIRTUAL,0,DAYS,0
500-6420,1000,VIRTUAL,0,DAYS,-307
500-6420,2000,VIRTUAL,0,DAYS,-154
500-6421,1000,VIRTUAL,0,DAYS,0
500-6421,2000,VIRTUAL,0,DAYS,0
500-6433,1000,VIRTUAL,0,DAYS,0
500-6433,2000,VIRTUAL,0,DAYS,0
500-6448,1000,VIRTUAL,0,DAYS,-2605
500-6448,2000,VIRTUAL,0,DAYS,-4712
500-6465,1000,VIRTUAL,0,DAYS,0
500-6485,1000,VIRTUAL,0,DAYS,-54
500-6485,2000,VIRTUAL,0,DAYS,-30
500-6496,1000,VIRTUAL,0,DAYS,-2
500-6496,2000,VIRTUAL,0,DAYS,0
500-6512,1000,VIRTUAL,0,DAYS,0
500-6512,2000,VIRTUAL,0,DAYS,-156
500-6513,1000,VIRTUAL,0,DAYS,0
500-6513,2000,VIRTUAL,0,DAYS,0
500-6569,1000,VIRTUAL,0,DAYS,0
500-6570,1000,VIRTUAL,0,DAYS,0
500-6575,1000,VIRTUAL,0,DAYS,0
500-6650,1000,VIRTUAL,0,DAYS,-17
500-6650,2000,VIRTUAL,0,DAYS,0
500-6672,1000,VIRTUAL,0,DAYS,-1
500-6672,2000,VIRTUAL,0,DAYS,0
500-6681,1000,VIRTUAL,0,DAYS,-1
500-6681,2000,VIRTUAL,0,DAYS,0
500-6803,1000,VIRTUAL,0,DAYS,0
500-6803,2000,VIRTUAL,0,DAYS,0
500-6912,1000,VIRTUAL,0,DAYS,0
500-6912,2000,VIRTUAL,0,DAYS,0
500-6984,1000,VIRTUAL,0,DAYS,0
500-6984,2000,VIRTUAL,0,DAYS,0
500-7041,1000,VIRTUAL,0,DAYS,-10376
500-7041,2000,VIRTUAL,0,DAYS,-14144
500-7064,1000,VIRTUAL,0,DAYS,-50
500-7064,2000,VIRTUAL,0,DAYS,-122
500-7072,1000,VIRTUAL,0,DAYS,0
500-7072,2000,VIRTUAL,0,DAYS,0
500-7073,1000,VIRTUAL,0,DAYS,0
500-7073,2000,VIRTUAL,0,DAYS,-4
500-7114,1000,VIRTUAL,0,DAYS,0
500-7114,2000,VIRTUAL,0,DAYS,0
500-7115,1000,VIRTUAL,0,DAYS,-392
500-7115,2000,VIRTUAL,0,DAYS,0
500-7206-003,1000,VIRTUAL,0,DAYS,0
500-7206-005,1000,VIRTUAL,0,DAYS,0
500-7206-007,1000,VIRTUAL,0,DAYS,0
500-7206-010,1000,VIRTUAL,0,DAYS,0
500-7206-015,1000,VIRTUAL,0,DAYS,0
500-7206-020,1000,VIRTUAL,0,DAYS,0
500-7207-001,1000,VIRTUAL,0,DAYS,-2
500-7207-002,1000,VIRTUAL,0,DAYS,-3
500-7207-003,1000,VIRTUAL,0,DAYS,-85
500-7207-005,1000,VIRTUAL,0,DAYS,-21
500-7207-007,1000,VIRTUAL,0,DAYS,0
500-7207-010,1000,VIRTUAL,0,DAYS,-40
500-7207-015,1000,VIRTUAL,0,DAYS,0
500-7207-020,1000,VIRTUAL,0,DAYS,-17
500-7207-025,1000,VIRTUAL,0,DAYS,0
500-7207-030,1000,VIRTUAL,0,DAYS,0
500-7283-010,1000,VIRTUAL,0,DAYS,0
500-7284-010,1000,VIRTUAL,0,DAYS,0
504-1319,SUB_PCBA,1000,2,DAYS,0
504-1319,SUB_PCBA,2000,2,DAYS,0
504-1366,SUB_PCBA,1000,2,DAYS,0
504-1366,SUB_PCBA,2000,2,DAYS,0
504-1369,SUB_PCBA,1000,2,DAYS,0
504-1369,SUB_PCBA,2000,2,DAYS,0
504-1385-00,SUB_PCBA,1000,2,DAYS,0
504-1385-00,SUB_PCBA,2000,2,DAYS,0
504-1399,SUB_PCBA,1000,2,DAYS,0
504-1399,SUB_PCBA,2000,2,DAYS,0
504-1406,SUB_PCBA,1000,2,DAYS,0
504-1406,1000,2000,2,DAYS,0
504-1406,SUB_PCBA,2000,2,DAYS,0
504-1482,SUB_PCBA,1000,2,DAYS,0
504-1482,SUB_PCBA,2000,2,DAYS,0
504-1532,SUB_PCBA,1000,2,DAYS,0
504-1532,SUB_PCBA,2000,2,DAYS,0
504-1532-R,SUB_PCBA,1000,2,DAYS,0
504-1532-R,SUB_PCBA,2000,2,DAYS,0
504-1548,SUB_PCBA,1000,2,DAYS,0
504-1548,SUB_PCBA,2000,2,DAYS,0
504-1550,SUB_PCBA,1000,2,DAYS,0
504-1550,SUB_PCBA,2000,2,DAYS,0
504-1553,1000,2000,2,DAYS,0
504-1584,2000,1000,2,DAYS,0
504-1584,1000,2000,2,DAYS,0
504-1585,2000,1000,2,DAYS,0
504-1585,1000,2000,2,DAYS,0
504-1612,SUB_PCBA,2000,2,DAYS,0
504-1616,SUB_PCBA,1000,2,DAYS,0
504-1616,SUB_PCBA,2000,2,DAYS,0
504-1693,SUB_PCBA,1000,2,DAYS,0
504-1693,SUB_PCBA,2000,2,DAYS,0
504-1704,2000,1000,2,DAYS,0
504-1704,1000,2000,2,DAYS,0
504-1712,SUB_PCBA,1000,2,DAYS,0
504-1712,1000,2000,2,DAYS,0
504-1712,SUB_PCBA,2000,2,DAYS,0
504-1718,SUB_PCBA,1000,2,DAYS,0
504-1728,SUB_PCBA,1000,2,DAYS,0
504-1728,SUB_PCBA,2000,2,DAYS,0
504-1747,SUB_PCBA,1000,2,DAYS,0
504-1747,SUB_PCBA,2000,2,DAYS,0
504-1753,SUB_PCBA,1000,2,DAYS,0
504-1753,SUB_PCBA,2000,2,DAYS,0
504-1815,SUB_PCBA,1000,2,DAYS,0
504-1815,SUB_PCBA,2000,2,DAYS,0
504-1817,SUB_PCBA,1000,2,DAYS,0
504-1817,SUB_PCBA,2000,2,DAYS,0
504-1818,SUB_PCBA,1000,2,DAYS,0
504-1818,SUB_PCBA,2000,2,DAYS,0
504-1828,SUB_PCBA,1000,2,DAYS,0
504-1828,1000,2000,2,DAYS,0
504-1828,SUB_PCBA,2000,2,DAYS,0
504-1829,2000,1000,2,DAYS,0
504-1829,SUB_PCBA,1000,2,DAYS,0
504-1877,SUB_PCBA,1000,2,DAYS,0
504-1877,SUB_PCBA,2000,2,DAYS,0
504-1936,2000,1000,2,DAYS,-2988
504-1936,1000,2000,2,DAYS,0
504-1973,2000,1000,2,DAYS,0
504-1973,1000,2000,2,DAYS,0
504-1976,2000,1000,2,DAYS,0
504-1976,1000,2000,2,DAYS,-19
504-1989,2000,1000,2,DAYS,-10926
504-1989,1000,2000,2,DAYS,-1799
504-2020-CD,SUB_PCBA,1000,2,DAYS,0
504-2020-CD,SUB_PCBA,2000,2,DAYS,0
504-2042,SUB_PCBA,1000,2,DAYS,0
504-2053,SUB_PCBA,1000,2,DAYS,0
504-2063,SUB_PCBA,1000,2,DAYS,0
504-2120-CD,SUB_PCBA,1000,2,DAYS,0
504-2120-CD,SUB_PCBA,2000,2,DAYS,0
504-2129-CD,SUB_PCBA,1000,2,DAYS,0
504-2129-CD,SUB_PCBA,2000,2,DAYS,0
541-0001,SUB_PCBA,1000,2,DAYS,0
541-0001,SUB_PCBA,2000,2,DAYS,0
504-1612,1000,2000,2,DAYS,0
504-1829,1000,2000,2,DAYS,0
504-1829,SUB_PCBA,2000,2,DAYS,0
504-1878,1000,2000,2,DAYS,-22661
504-1828,2000,1000,2,DAYS,0
504-1878,2000,1000,2,DAYS,0
504-1612,2000,1000,2,DAYS,0
504-1612,SUB_PCBA,1000,2,DAYS,0
504-1718,2000,1000,2,DAYS,-8002
504-1878,SUB_PCBA,2000,2,DAYS,0
504-1718,SUB_PCBA,2000,2,DAYS,0
504-1553,SUB_PCBA,2000,2,DAYS,0
504-1712,2000,1000,2,DAYS,-114
504-1878,SUB_PCBA,1000,2,DAYS,0
504-1553,2000,1000,2,DAYS,0
504-1406,2000,1000,2,DAYS,0
504-1553,SUB_PCBA,1000,2,DAYS,0
500-4961,1000,VIRTUAL,0,DAYS,0
500-4962,1000,VIRTUAL,0,DAYS,0
500-5202,1000,VIRTUAL,0,DAYS,0
500-5216,1000,VIRTUAL,0,DAYS,0
500-5391,1000,VIRTUAL,0,DAYS,0
500-5614,1000,VIRTUAL,0,DAYS,0
500-6249,1000,VIRTUAL,0,DAYS,0
500-6282,1000,VIRTUAL,0,DAYS,0
500-6283,1000,VIRTUAL,0,DAYS,0
500-6357,1000,VIRTUAL,0,DAYS,0
500-6382,1000,VIRTUAL,0,DAYS,0
100-0018,1000,2000,0,DAYS,-315188
100-0018,1000,SUB_PCBA,0,DAYS,-315188
100-0018,2000,SUB_PCBA,0,DAYS,0
100-0222,1000,SUB_PCBA,0,DAYS,-115277
100-0222,2000,SUB_PCBA,0,DAYS,0
100-0024,1000,2000,0,DAYS,NULL
100-0062,1000,2000,0,DAYS,-28831567
100-0062,1000,SUB_PCBA,0,DAYS,-28831567
100-0062,2000,SUB_PCBA,0,DAYS,-6732
100-0062,1000,5000,0,DAYS,-28831567
100-0073,1000,2000,0,DAYS,-1105293
100-0073,1000,SUB_PCBA,0,DAYS,-1105293
100-0073,2000,SUB_PCBA,0,DAYS,0
100-0222,1000,2000,0,DAYS,-115277
100-0265,1000,SUB_PCBA,0,DAYS,-34596
110-0001,1000,SUB_PCBA,0,DAYS,-8877478
110-0001,2000,SUB_PCBA,0,DAYS,0
110-0001,1000,5000,0,DAYS,-8877478
100-0074,1000,2000,0,DAYS,-24643426
100-0033,1000,2000,0,DAYS,-5506340
100-0024,1000,SUB_PCBA,0,DAYS,NULL
100-0024,2000,SUB_PCBA,0,DAYS,-39908
100-0021,1000,2000,0,DAYS,-4951699
100-0021,1000,SUB_PCBA,0,DAYS,-4951699
100-0021,2000,SUB_PCBA,0,DAYS,0
100-0035,1000,2000,0,DAYS,-6782697
100-0141,1000,2000,0,DAYS,-384150
100-0141,1000,SUB_PCBA,0,DAYS,-384150
100-0141,2000,SUB_PCBA,0,DAYS,0
100-0225,1000,SUB_PCBA,0,DAYS,-28342865
100-0225,2000,SUB_PCBA,0,DAYS,-443996
100-0024,1000,5000,0,DAYS,NULL
100-0225,1000,2000,0,DAYS,-28342865
100-0088,1000,SUB_PCBA,0,DAYS,-13081874
100-0088,2000,SUB_PCBA,0,DAYS,-7774
100-0035,1000,SUB_PCBA,0,DAYS,-6782697
100-0035,2000,SUB_PCBA,0,DAYS,0
100-0107,1000,2000,0,DAYS,-17943
100-0107,1000,SUB_PCBA,0,DAYS,-17943
100-0107,2000,SUB_PCBA,0,DAYS,0
100-0108,1000,2000,0,DAYS,-456070
100-0074,1000,SUB_PCBA,0,DAYS,-24643426
100-0074,2000,SUB_PCBA,0,DAYS,0
100-0300,1000,SUB_PCBA,0,DAYS,NULL
100-0365,1000,SUB_PCBA,0,DAYS,-2179360
100-0365,2000,SUB_PCBA,0,DAYS,0
100-0365,1000,2000,0,DAYS,-2179360
110-0011,1000,2000,0,DAYS,-1998402
100-0088,1000,2000,0,DAYS,-13081874
100-0088,1000,5000,0,DAYS,-13081874
110-0172,1000,2000,0,DAYS,-16835
110-0172,1000,SUB_PCBA,0,DAYS,-16835
110-0172,2000,SUB_PCBA,0,DAYS,0
110-0174,1000,2000,0,DAYS,-232765
100-0108,1000,SUB_PCBA,0,DAYS,-456070
100-0108,2000,SUB_PCBA,0,DAYS,0
100-0116,1000,5000,0,DAYS,-47609938
100-0116,1000,SUB_PCBA,0,DAYS,-47609938
100-0116,2000,SUB_PCBA,0,DAYS,-275090
100-0116,1000,2000,0,DAYS,-47609938
100-0142,1000,2000,0,DAYS,-4082999
110-0174,1000,SUB_PCBA,0,DAYS,-232765
110-0174,2000,SUB_PCBA,0,DAYS,-9232
100-0142,1000,SUB_PCBA,0,DAYS,-4082999
100-0142,2000,SUB_PCBA,0,DAYS,0
100-0144,1000,SUB_PCBA,0,DAYS,-56787
100-0144,2000,SUB_PCBA,0,DAYS,0
100-0144,1000,2000,0,DAYS,-56787
100-0228,1000,2000,0,DAYS,-10800
110-0001,1000,2000,0,DAYS,-8877478
110-0040,1000,2000,0,DAYS,-10000
110-0040,1000,SUB_PCBA,0,DAYS,-10000
110-0040,2000,SUB_PCBA,0,DAYS,0
110-0246,1000,SUB_PCBA,0,DAYS,-213468
110-0246,2000,SUB_PCBA,0,DAYS,0
110-0246,1000,2000,0,DAYS,-213468
110-0243,1000,SUB_PCBA,0,DAYS,-251373
110-0243,2000,SUB_PCBA,0,DAYS,0
110-0243,1000,2000,0,DAYS,-251373
110-0248,1000,SUB_PCBA,0,DAYS,-28269
110-0248,2000,SUB_PCBA,0,DAYS,0
110-0248,1000,2000,0,DAYS,-28269
110-0261,1000,2000,0,DAYS,-839266
110-0011,1000,SUB_PCBA,0,DAYS,-1998402
110-0011,2000,SUB_PCBA,0,DAYS,0
110-0099,1000,5000,0,DAYS,-3744382
100-0119,1000,2000,0,DAYS,-1215135
100-0119,1000,SUB_PCBA,0,DAYS,-1215135
100-0119,2000,SUB_PCBA,0,DAYS,0
100-0214,1000,2000,0,DAYS,NULL
110-0261,1000,SUB_PCBA,0,DAYS,-839266
110-0261,2000,SUB_PCBA,0,DAYS,0
100-0228,1000,SUB_PCBA,0,DAYS,-10800
100-0228,2000,SUB_PCBA,0,DAYS,0
100-0025,1000,5000,0,DAYS,-45834979
100-0025,1000,2000,0,DAYS,-45834979
110-0268,1000,SUB_PCBA,0,DAYS,-683109
110-0268,2000,SUB_PCBA,0,DAYS,0
110-0268,1000,2000,0,DAYS,-683109
110-0273,1000,2000,0,DAYS,-452402
110-0273,1000,SUB_PCBA,0,DAYS,-452402
110-0273,2000,SUB_PCBA,0,DAYS,0
100-0268,1000,2000,0,DAYS,NULL
100-0268,1000,SUB_PCBA,0,DAYS,NULL
100-0268,2000,SUB_PCBA,0,DAYS,-334562
100-0025,1000,SUB_PCBA,0,DAYS,-45834979
100-0025,2000,SUB_PCBA,0,DAYS,-17124
100-0214,1000,SUB_PCBA,0,DAYS,NULL
100-0214,2000,SUB_PCBA,0,DAYS,-390492
110-0381,1000,SUB_PCBA,0,DAYS,-2640927
110-0381,2000,SUB_PCBA,0,DAYS,-8918
110-0381,1000,2000,0,DAYS,-2640927
110-0571,1000,SUB_PCBA,0,DAYS,-56675
110-0571,2000,SUB_PCBA,0,DAYS,0
110-0099,1000,SUB_PCBA,0,DAYS,-3744382
110-0099,2000,SUB_PCBA,0,DAYS,0
110-0371,1000,5000,0,DAYS,NULL
100-0054,1000,2000,0,DAYS,-852404
100-0054,1000,SUB_PCBA,0,DAYS,-852404
100-0054,2000,SUB_PCBA,0,DAYS,0
100-0031,1000,2000,0,DAYS,-467922
100-0031,1000,SUB_PCBA,0,DAYS,-467922
100-0031,2000,SUB_PCBA,0,DAYS,0
100-0086-01,1000,SUB_PCBA,0,DAYS,-4821
100-0122,1000,SUB_PCBA,0,DAYS,-41634
100-0122,2000,SUB_PCBA,0,DAYS,0
100-0122,1000,2000,0,DAYS,-41634
100-0143,1000,2000,0,DAYS,-15190443
110-0571,1000,2000,0,DAYS,-56675
100-0143,1000,5000,0,DAYS,-15190443
100-0143,1000,SUB_PCBA,0,DAYS,-15190443
100-0143,2000,SUB_PCBA,0,DAYS,-22940
100-0285,1000,SUB_PCBA,0,DAYS,-20621
100-0285,2000,SUB_PCBA,0,DAYS,0
110-0064,1000,2000,0,DAYS,NULL
120-0046,1000,2000,0,DAYS,-664227
100-0086,1000,5000,0,DAYS,NULL
100-0285,1000,2000,0,DAYS,-20621
100-0286,1000,2000,0,DAYS,-18617
100-0286,1000,SUB_PCBA,0,DAYS,-18617
100-0286,2000,SUB_PCBA,0,DAYS,0
110-0002,1000,SUB_PCBA,0,DAYS,-2313922
110-0002,2000,SUB_PCBA,0,DAYS,0
100-0224,1000,2000,0,DAYS,NULL
100-0224,1000,SUB_PCBA,0,DAYS,NULL
100-0224,2000,SUB_PCBA,0,DAYS,-73100
110-0371,1000,2000,0,DAYS,NULL
110-0371,1000,SUB_PCBA,0,DAYS,NULL
110-0371,2000,SUB_PCBA,0,DAYS,-308510
110-0372,1000,SUB_PCBA,0,DAYS,-892267
110-0372,2000,SUB_PCBA,0,DAYS,0
110-0372,1000,2000,0,DAYS,-892267
110-0375,1000,2000,0,DAYS,-50757
110-0375,1000,SUB_PCBA,0,DAYS,-50757
110-0375,2000,SUB_PCBA,0,DAYS,0
120-0100,1000,SUB_PCBA,0,DAYS,-210678
120-0100,2000,SUB_PCBA,0,DAYS,0
120-0100,1000,2000,0,DAYS,-210678
120-0129,1000,2000,0,DAYS,-5071778
120-0046,1000,SUB_PCBA,0,DAYS,-664227
120-0046,2000,SUB_PCBA,0,DAYS,0
110-0002,1000,2000,0,DAYS,-2313922
110-0003,1000,2000,0,DAYS,-5880861
110-0003,1000,SUB_PCBA,0,DAYS,-5880861
110-0003,2000,SUB_PCBA,0,DAYS,0
110-0019,1000,SUB_PCBA,0,DAYS,-12246
110-0019,2000,SUB_PCBA,0,DAYS,0
110-0019,1000,2000,0,DAYS,-12246
110-0253,1000,SUB_PCBA,0,DAYS,-337467
110-0253,2000,SUB_PCBA,0,DAYS,0
110-0253,1000,2000,0,DAYS,-337467
120-0129,1000,SUB_PCBA,0,DAYS,-5071778
120-0129,2000,SUB_PCBA,0,DAYS,0
120-0249,1000,SUB_PCBA,0,DAYS,-1691901
120-0249,2000,SUB_PCBA,0,DAYS,0
120-0249,1000,2000,0,DAYS,-1691901
120-0047,1000,SUB_PCBA,0,DAYS,-20800
120-0047,2000,SUB_PCBA,0,DAYS,0
120-0047,1000,2000,0,DAYS,-20800
110-0083,1000,2000,0,DAYS,-47131
110-0083,1000,SUB_PCBA,0,DAYS,-47131
110-0083,2000,SUB_PCBA,0,DAYS,0
110-0161,1000,SUB_PCBA,0,DAYS,-185428
110-0161,2000,SUB_PCBA,0,DAYS,0
100-0086,1000,SUB_PCBA,0,DAYS,NULL
100-0086,2000,SUB_PCBA,0,DAYS,-463086
110-0099,1000,2000,0,DAYS,-3744382
110-0121,1000,2000,0,DAYS,-1580134
110-0121,1000,SUB_PCBA,0,DAYS,-1580134
110-0121,2000,SUB_PCBA,0,DAYS,0
110-0121,1000,5000,0,DAYS,-1580134
110-0156,1000,2000,0,DAYS,-238670
110-0156,1000,SUB_PCBA,0,DAYS,-238670
110-0156,2000,SUB_PCBA,0,DAYS,0
120-0152,1000,2000,0,DAYS,-34871
120-0152,1000,SUB_PCBA,0,DAYS,-34871
120-0152,2000,SUB_PCBA,0,DAYS,0
120-0232,1000,2000,0,DAYS,-487400
110-0064,1000,SUB_PCBA,0,DAYS,NULL
110-0064,2000,SUB_PCBA,0,DAYS,0
110-0064,1000,5000,0,DAYS,NULL
110-0161,1000,2000,0,DAYS,-185428
110-0177,1000,2000,0,DAYS,-1273258
110-0177,1000,SUB_PCBA,0,DAYS,-1273258
110-0177,2000,SUB_PCBA,0,DAYS,0
110-0207,1000,2000,0,DAYS,-608574
110-0207,1000,SUB_PCBA,0,DAYS,-608574
110-0207,2000,SUB_PCBA,0,DAYS,0
110-0237,1000,2000,0,DAYS,-3550367
110-0237,1000,SUB_PCBA,0,DAYS,-3550367
110-0237,2000,SUB_PCBA,0,DAYS,0
110-0239,1000,2000,0,DAYS,-2478689
110-0239,1000,SUB_PCBA,0,DAYS,-2478689
110-0239,2000,SUB_PCBA,0,DAYS,0
140-0240,1000,SUB_PCBA,0,DAYS,-110552
140-0240,2000,SUB_PCBA,0,DAYS,0
110-0298,1000,2000,0,DAYS,-895409
110-0298,1000,SUB_PCBA,0,DAYS,-895409
110-0298,2000,SUB_PCBA,0,DAYS,0
110-0298,1000,5000,0,DAYS,-895409
120-0232,1000,SUB_PCBA,0,DAYS,-487400
120-0232,2000,SUB_PCBA,0,DAYS,0
120-0260,1000,SUB_PCBA,0,DAYS,-65573
120-0260,2000,SUB_PCBA,0,DAYS,0
120-0260,1000,2000,0,DAYS,-65573
140-0179,1000,2000,0,DAYS,-150994
140-0179,1000,SUB_PCBA,0,DAYS,-150994
140-0179,2000,SUB_PCBA,0,DAYS,0
140-0392,1000,2000,0,DAYS,-925329
140-0392,1000,SUB_PCBA,0,DAYS,-925329
140-0392,2000,SUB_PCBA,0,DAYS,0
140-0240,1000,2000,0,DAYS,-110552
110-0368,1000,SUB_PCBA,0,DAYS,-929044
110-0368,2000,SUB_PCBA,0,DAYS,0
110-0368,1000,2000,0,DAYS,-929044
110-0374,1000,2000,0,DAYS,-22494
110-0374,1000,SUB_PCBA,0,DAYS,-22494
110-0374,2000,SUB_PCBA,0,DAYS,0
110-0561,1000,SUB_PCBA,0,DAYS,-47887
110-0624,1000,SUB_PCBA,0,DAYS,-16344075
110-0624,2000,SUB_PCBA,0,DAYS,-29654
140-0547,1000,2000,0,DAYS,-2943
140-0628,1000,2000,0,DAYS,-1482774
110-0311,1000,5000,0,DAYS,-11808445
140-0313,1000,SUB_PCBA,0,DAYS,-752036
140-0313,2000,SUB_PCBA,0,DAYS,-5400
110-0252,1000,2000,0,DAYS,-941330
100-0086,1000,2000,0,DAYS,NULL
110-0311,1000,2000,0,DAYS,-11808445
110-0311,1000,SUB_PCBA,0,DAYS,-11808445
110-0311,2000,SUB_PCBA,0,DAYS,0
110-0214,1000,2000,0,DAYS,-1143628
110-0214,1000,SUB_PCBA,0,DAYS,-1143628
110-0214,2000,SUB_PCBA,0,DAYS,0
110-0252,1000,SUB_PCBA,0,DAYS,-941330
110-0252,2000,SUB_PCBA,0,DAYS,0
110-0260,1000,2000,0,DAYS,-299041
110-0260,1000,SUB_PCBA,0,DAYS,-299041
110-0260,2000,SUB_PCBA,0,DAYS,0
100-0115,1000,2000,0,DAYS,-1687203
100-0115,1000,SUB_PCBA,0,DAYS,-1687203
100-0115,2000,SUB_PCBA,0,DAYS,0
100-0227,1000,SUB_PCBA,0,DAYS,-5079017
100-0227,2000,SUB_PCBA,0,DAYS,-88306
110-0216,1000,SUB_PCBA,0,DAYS,-3167071
110-0216,2000,SUB_PCBA,0,DAYS,0
110-0216,1000,5000,0,DAYS,-3167071
110-0216,1000,2000,0,DAYS,-3167071
110-0272,1000,2000,0,DAYS,-322177
110-0272,1000,SUB_PCBA,0,DAYS,-322177
110-0272,2000,SUB_PCBA,0,DAYS,0
110-0270,1000,SUB_PCBA,0,DAYS,-11070
110-0270,2000,SUB_PCBA,0,DAYS,0
140-0628,1000,SUB_PCBA,0,DAYS,-1482774
140-0628,2000,SUB_PCBA,0,DAYS,-67892
110-0624,1000,2000,0,DAYS,-16344075
110-0370,1000,SUB_PCBA,0,DAYS,-8129
110-0379,1000,SUB_PCBA,0,DAYS,-2531429
110-0379,2000,SUB_PCBA,0,DAYS,-30996
110-0379,1000,5000,0,DAYS,-2531429
110-0379,1000,2000,0,DAYS,-2531429
110-0627,1000,2000,0,DAYS,-5308490
110-0369,1000,2000,0,DAYS,NULL
110-0270,1000,2000,0,DAYS,-11070
110-0295,1000,2000,0,DAYS,-98692
140-0313,1000,2000,0,DAYS,-752036
120-0029,1000,2000,0,DAYS,-14411
110-0369,1000,SUB_PCBA,0,DAYS,NULL
110-0369,2000,SUB_PCBA,0,DAYS,-5132
110-0369,1000,5000,0,DAYS,NULL
110-0378,1000,SUB_PCBA,0,DAYS,-108645
110-0378,2000,SUB_PCBA,0,DAYS,0
110-0378,1000,2000,0,DAYS,-108645
110-0295,1000,SUB_PCBA,0,DAYS,-98692
110-0295,2000,SUB_PCBA,0,DAYS,0
110-0627,1000,SUB_PCBA,0,DAYS,-5308490
110-0627,2000,SUB_PCBA,0,DAYS,-5604
110-0713,1000,SUB_PCBA,0,DAYS,-433321
110-0713,2000,SUB_PCBA,0,DAYS,0
110-0713,1000,2000,0,DAYS,-433321
110-0730,1000,2000,0,DAYS,-2395363
140-0599,1000,2000,0,DAYS,-232484
140-0645,1000,2000,0,DAYS,-633325
140-0645,1000,SUB_PCBA,0,DAYS,-633325
140-0645,2000,SUB_PCBA,0,DAYS,0
100-0227,1000,2000,0,DAYS,-5079017
101-0001,1000,5000,0,DAYS,-476736
101-0001,1000,2000,0,DAYS,-476736
110-0158,1000,5000,0,DAYS,-3794872
120-0121,1000,SUB_PCBA,0,DAYS,-5742739
120-0121,2000,SUB_PCBA,0,DAYS,-62356
120-0121,1000,5000,0,DAYS,-5742739
110-0730,1000,SUB_PCBA,0,DAYS,-2395363
110-0730,2000,SUB_PCBA,0,DAYS,0
120-0029,1000,SUB_PCBA,0,DAYS,-14411
120-0029,2000,SUB_PCBA,0,DAYS,0
130-0077,1000,SUB_PCBA,0,DAYS,-5617476
130-0077,2000,SUB_PCBA,0,DAYS,-55972
130-0077,1000,2000,0,DAYS,-5617476
140-0599,1000,SUB_PCBA,0,DAYS,-232484
140-0599,2000,SUB_PCBA,0,DAYS,0
280-0425,1000,2000,0,DAYS,0
110-0158,1000,SUB_PCBA,0,DAYS,-3794872
110-0158,2000,SUB_PCBA,0,DAYS,0
140-0849,1000,2000,0,DAYS,0
220-0134-010,1000,2000,0,DAYS,-3
220-0227,1000,2000,0,DAYS,0
130-0077,1000,5000,0,DAYS,-5617476
140-0246,1000,2000,0,DAYS,-1842532
140-0639,1000,2000,0,DAYS,-67344
140-0639,1000,SUB_PCBA,0,DAYS,-67344
140-0639,2000,SUB_PCBA,0,DAYS,0
140-0834,1000,5000,0,DAYS,-1516933
140-0834,1000,SUB_PCBA,0,DAYS,-1516933
140-0834,2000,SUB_PCBA,0,DAYS,-62
140-0834,1000,2000,0,DAYS,-1516933
110-0296,1000,SUB_PCBA,0,DAYS,-166726
110-0296,2000,SUB_PCBA,0,DAYS,0
120-0121,1000,2000,0,DAYS,-5742739
121-0053,1000,SUB_PCBA,0,DAYS,-178644
140-0221,1000,SUB_PCBA,0,DAYS,-619320
140-0221,2000,SUB_PCBA,0,DAYS,0
140-0221,1000,2000,0,DAYS,-619320
140-0355,1000,2000,0,DAYS,-331564
140-0355,1000,SUB_PCBA,0,DAYS,-331564
140-0355,2000,SUB_PCBA,0,DAYS,0
140-0481,1000,SUB_PCBA,0,DAYS,-579965
140-0481,2000,SUB_PCBA,0,DAYS,0
140-0481,1000,2000,0,DAYS,-579965
110-0296,1000,2000,0,DAYS,-166726
110-0308,1000,2000,0,DAYS,-2361087
280-0511-03,1000,2000,0,DAYS,0
140-0852,1000,2000,0,DAYS,-150
140-0851,1000,2000,0,DAYS,-4860
140-1183-CD,1000,SUB_PCBA,0,DAYS,-242934
280-0845-030,1000,2000,0,DAYS,-9
280-0981-N1,1000,2000,0,DAYS,-23489
280-0981-N1,1000,SUB_PCBA,0,DAYS,-23489
280-0981-N1,2000,SUB_PCBA,0,DAYS,-8834
280-0981-N2,1000,2000,0,DAYS,-332729
280-0431,1000,2000,0,DAYS,-3076
280-0431,1000,SUB_PCBA,0,DAYS,-3076
280-0431,2000,SUB_PCBA,0,DAYS,-152908
110-0158,1000,2000,0,DAYS,-3794872
110-0220,1000,2000,0,DAYS,-460541
110-0220,1000,SUB_PCBA,0,DAYS,-460541
110-0220,2000,SUB_PCBA,0,DAYS,0
110-0241,1000,SUB_PCBA,0,DAYS,-7094185
110-0241,2000,SUB_PCBA,0,DAYS,0
300-0151,1000,2000,0,DAYS,0
280-0698,1000,2000,0,DAYS,0
280-0698,1000,SUB_PCBA,0,DAYS,0
280-0698,2000,SUB_PCBA,0,DAYS,-47514
110-0241,1000,2000,0,DAYS,-7094185
110-0308,1000,SUB_PCBA,0,DAYS,-2361087
110-0308,2000,SUB_PCBA,0,DAYS,0
300-0151,1000,5000,0,DAYS,0
300-0152,1000,5000,0,DAYS,0
140-0852,1000,SUB_PCBA,0,DAYS,-150
140-0852,2000,SUB_PCBA,0,DAYS,0
110-0376,1000,SUB_PCBA,0,DAYS,-49395
110-0376,2000,SUB_PCBA,0,DAYS,0
110-0376,1000,2000,0,DAYS,-49395
110-0380,1000,2000,0,DAYS,-3088801
110-0380,1000,SUB_PCBA,0,DAYS,-3088801
110-0380,2000,SUB_PCBA,0,DAYS,-29394
280-0511-06,1000,2000,0,DAYS,0
280-0607,1000,2000,0,DAYS,-10956
280-0981-N3,1000,2000,0,DAYS,-23104
280-0981-N3,1000,SUB_PCBA,0,DAYS,-23104
280-0981-N3,2000,SUB_PCBA,0,DAYS,-10312
283-0019,1000,2000,0,DAYS,0
283-0029,1000,2000,0,DAYS,-5747
284-0089-20,1000,2000,0,DAYS,0
300-0152,1000,2000,0,DAYS,0
280-0810,1000,2000,0,DAYS,0
280-0837,1000,2000,0,DAYS,0
280-0981-N0,1000,2000,0,DAYS,-18329
280-0981-N0,1000,SUB_PCBA,0,DAYS,-18329
280-0981-N0,2000,SUB_PCBA,0,DAYS,-9584
282-0330,1000,2000,0,DAYS,0
282-0434,1000,2000,0,DAYS,0
110-0570,1000,2000,0,DAYS,NULL
110-0570,1000,SUB_PCBA,0,DAYS,NULL
140-0853,1000,2000,0,DAYS,-270158
140-0853,1000,SUB_PCBA,0,DAYS,-270158
140-0853,2000,SUB_PCBA,0,DAYS,0
140-1028,1000,SUB_PCBA,0,DAYS,-955913
283-0046-29,1000,2000,0,DAYS,-50387
283-0110-29,1000,2000,0,DAYS,-24375
283-0110-31,1000,2000,0,DAYS,-23904
283-0110-33,1000,2000,0,DAYS,-29095
284-0118,1000,2000,0,DAYS,0
288-0134,1000,2000,0,DAYS,0
110-0570,2000,SUB_PCBA,0,DAYS,-508342
110-0603,1000,2000,0,DAYS,-4446000
110-0603,1000,SUB_PCBA,0,DAYS,-4446000
110-0603,2000,SUB_PCBA,0,DAYS,-152858
300-0213,1000,2000,0,DAYS,-679
280-0650,1000,2000,0,DAYS,0
280-0650,1000,5000,0,DAYS,0
280-0650,1000,SUB_PCBA,0,DAYS,0
280-0650,2000,SUB_PCBA,0,DAYS,-133606
280-0791,1000,5000,0,DAYS,0
280-0791,1000,2000,0,DAYS,0
285-0012,1000,2000,0,DAYS,0
120-0099,1000,2000,0,DAYS,-257091
110-0241,1000,5000,0,DAYS,-7094185
110-0373,1000,SUB_PCBA,0,DAYS,-2753
110-0602,1000,SUB_PCBA,0,DAYS,-2345536
110-0602,2000,SUB_PCBA,0,DAYS,-39260
300-0312,1000,2000,0,DAYS,0
301-0022,1000,2000,0,DAYS,0
301-0022,1000,SUB_PCBA,0,DAYS,0
301-0022,2000,SUB_PCBA,0,DAYS,-42020
310-0166,1000,2000,0,DAYS,-3656
300-0311,1000,2000,0,DAYS,0
288-0005,1000,SUB_PCBA,0,DAYS,0
288-0005,2000,SUB_PCBA,0,DAYS,-42908
288-0005,1000,2000,0,DAYS,0
120-0099,1000,SUB_PCBA,0,DAYS,-257091
120-0099,2000,SUB_PCBA,0,DAYS,0
120-0120,1000,SUB_PCBA,0,DAYS,-165959
120-0120,2000,SUB_PCBA,0,DAYS,0
120-0120,1000,2000,0,DAYS,-165959
120-0128,1000,2000,0,DAYS,-11807
120-0128,1000,SUB_PCBA,0,DAYS,-11807
120-0128,2000,SUB_PCBA,0,DAYS,0
110-0602,1000,2000,0,DAYS,-2345536
140-0246,1000,SUB_PCBA,0,DAYS,-1842532
140-0246,2000,SUB_PCBA,0,DAYS,0
140-0386,1000,SUB_PCBA,0,DAYS,-3463405
140-0386,2000,SUB_PCBA,0,DAYS,-29184
140-0386,1000,5000,0,DAYS,-3463405
120-0157,1000,2000,0,DAYS,-340969
120-0157,1000,SUB_PCBA,0,DAYS,-340969
120-0157,2000,SUB_PCBA,0,DAYS,0
120-0247,1000,SUB_PCBA,0,DAYS,-3169
120-0247,2000,SUB_PCBA,0,DAYS,0
140-0386,1000,2000,0,DAYS,-3463405
140-0434,1000,SUB_PCBA,0,DAYS,-35422
160-1132,1000,SUB_PCBA,0,DAYS,-8220
160-1132,2000,SUB_PCBA,0,DAYS,0
160-1132,1000,2000,0,DAYS,-8220
160-1172,1000,2000,0,DAYS,-3366
160-1172,1000,SUB_PCBA,0,DAYS,-3366
160-1172,2000,SUB_PCBA,0,DAYS,0
120-0051,1000,2000,0,DAYS,-492905
120-0051,1000,SUB_PCBA,0,DAYS,-492905
120-0051,2000,SUB_PCBA,0,DAYS,0
120-0138,1000,2000,0,DAYS,-3419379
302-0007,1000,5000,0,DAYS,-98438
302-0007,1000,2000,0,DAYS,-98438
310-0376,1000,2000,0,DAYS,-45539
120-0247,1000,2000,0,DAYS,-3169
120-0253,1000,2000,0,DAYS,-112598
120-0253,1000,SUB_PCBA,0,DAYS,-112598
120-0253,2000,SUB_PCBA,0,DAYS,0
121-0060-CD,1000,SUB_PCBA,0,DAYS,-60523
121-0060-CD,2000,SUB_PCBA,0,DAYS,0
121-0060-CD,1000,2000,0,DAYS,-60523
140-0253,1000,2000,0,DAYS,-362085
300-0317,1000,2000,0,DAYS,-154
302-0008,1000,2000,0,DAYS,-7265
310-0401,1000,2000,0,DAYS,-260982
310-0401,1000,5000,0,DAYS,-260982
310-0494-003,1000,2000,0,DAYS,-954
280-0897,1000,2000,0,DAYS,-6390
120-0138,1000,SUB_PCBA,0,DAYS,-3419379
120-0138,2000,SUB_PCBA,0,DAYS,0
310-0228,1000,2000,0,DAYS,-615
310-0241,1000,2000,0,DAYS,-9565
310-0440,1000,2000,0,DAYS,-4169
310-0376,1000,5000,0,DAYS,-45539
280-0897,1000,5000,0,DAYS,-6390
310-0494-002,1000,2000,0,DAYS,-300
310-0504,1000,2000,0,DAYS,-2880
310-0494-015,1000,2000,0,DAYS,-660
310-0560,1000,2000,0,DAYS,0
320-0611,1000,SUB_PCBA,0,DAYS,0
320-0611,2000,SUB_PCBA,0,DAYS,-33256
281-0070,1000,2000,0,DAYS,0
283-0046-27,1000,2000,0,DAYS,-58584
283-0110-27,1000,2000,0,DAYS,-23451
283-0226,1000,2000,0,DAYS,0
311-0207,1000,2000,0,DAYS,-4931
320-0763,1000,2000,0,DAYS,0
120-0143,1000,5000,0,DAYS,NULL
288-0001,1000,2000,0,DAYS,0
320-0611,1000,2000,0,DAYS,0
311-0436,1000,2000,0,DAYS,-24665
288-0001,1000,SUB_PCBA,0,DAYS,0
288-0001,2000,SUB_PCBA,0,DAYS,-46616
300-0211,1000,2000,0,DAYS,-300
320-0412,1000,SUB_PCBA,0,DAYS,0
320-0412,2000,SUB_PCBA,0,DAYS,-52160
320-0412,1000,2000,0,DAYS,0
140-0253,1000,SUB_PCBA,0,DAYS,-362085
140-0253,2000,SUB_PCBA,0,DAYS,0
120-0143,1000,2000,0,DAYS,NULL
120-0143,1000,SUB_PCBA,0,DAYS,NULL
120-0143,2000,SUB_PCBA,0,DAYS,-31582
220-0072,1000,2000,0,DAYS,0
321-0058,1000,2000,0,DAYS,0
300-0313,1000,2000,0,DAYS,0
310-0494-001,1000,2000,0,DAYS,-2110
310-0494-007,1000,2000,0,DAYS,-300
310-0571,1000,2000,0,DAYS,-450
310-0590,1000,2000,0,DAYS,0
310-0591,1000,2000,0,DAYS,0
311-0363,1000,2000,0,DAYS,0
321-0173,1000,2000,0,DAYS,-390
504-1718,1000,2000,0,DAYS,-32632
120-0254,1000,SUB_PCBA,0,DAYS,-60835
120-0254,2000,SUB_PCBA,0,DAYS,0
120-0254,1000,2000,0,DAYS,-60835
140-0022,1000,SUB_PCBA,0,DAYS,-461929
140-0022,2000,SUB_PCBA,0,DAYS,0
321-0057,1000,2000,0,DAYS,0
504-1718,1000,SUB_PCBA,0,DAYS,-32632
504-1718,2000,SUB_PCBA,0,DAYS,-8002
280-0511-04,1000,2000,0,DAYS,0
140-0022,1000,2000,0,DAYS,-461929
340-0056,1000,2000,0,DAYS,0
320-0128,1000,5000,0,DAYS,-4871
280-0695,1000,2000,0,DAYS,0
140-0638,1000,2000,0,DAYS,-1198
140-0638,1000,SUB_PCBA,0,DAYS,-1198
140-0638,2000,SUB_PCBA,0,DAYS,0
340-0062,1000,2000,0,DAYS,0
504-1553,1000,SUB_PCBA,0,DAYS,0
504-1553,2000,SUB_PCBA,0,DAYS,0
320-0128,1000,2000,0,DAYS,-4871
280-0695,1000,5000,0,DAYS,0
140-0847,1000,2000,0,DAYS,-351936
140-0847,1000,SUB_PCBA,0,DAYS,-351936
140-0847,2000,SUB_PCBA,0,DAYS,0
140-0848,1000,2000,0,DAYS,0
140-0341,1000,2000,0,DAYS,-429898
140-0341,1000,SUB_PCBA,0,DAYS,-429898
140-0341,2000,SUB_PCBA,0,DAYS,0
140-0341-RW,1000,SUB_PCBA,0,DAYS,-18767
140-0384,1000,SUB_PCBA,0,DAYS,-2478032
140-0384,2000,SUB_PCBA,0,DAYS,0
160-1153,1000,SUB_PCBA,0,DAYS,-105355
160-1153,2000,SUB_PCBA,0,DAYS,0
160-1153,1000,2000,0,DAYS,-105355
280-0898,1000,2000,0,DAYS,-718
280-0848,1000,2000,0,DAYS,0
504-1712,1000,SUB_PCBA,0,DAYS,0
504-1712,2000,SUB_PCBA,0,DAYS,-114
504-1829,1000,SUB_PCBA,0,DAYS,0
504-1829,2000,SUB_PCBA,0,DAYS,0
280-0848,1000,SUB_PCBA,0,DAYS,0
280-0848,2000,SUB_PCBA,0,DAYS,-50092
504-1878,1000,SUB_PCBA,0,DAYS,-22661
504-1878,2000,SUB_PCBA,0,DAYS,0
320-0328,1000,2000,0,DAYS,0
140-0384,1000,2000,0,DAYS,-2478032
280-0898,1000,5000,0,DAYS,-718
504-1612,1000,SUB_PCBA,0,DAYS,0
504-1612,2000,SUB_PCBA,0,DAYS,0
160-1168,1000,2000,0,DAYS,-228
160-1168,1000,SUB_PCBA,0,DAYS,-228
160-1168,2000,SUB_PCBA,0,DAYS,0
160-1218,1000,2000,0,DAYS,-1333
160-1218,1000,SUB_PCBA,0,DAYS,-1333
160-1218,2000,SUB_PCBA,0,DAYS,0
160-1287,1000,2000,0,DAYS,-37003
280-0992,1000,2000,0,DAYS,-805
282-0433,1000,2000,0,DAYS,0
283-0046-33,1000,2000,0,DAYS,-85237
282-0040,1000,2000,0,DAYS,0
282-0040,1000,SUB_PCBA,0,DAYS,0
282-0040,2000,SUB_PCBA,0,DAYS,-41846
282-0432,1000,2000,0,DAYS,0
160-1287,1000,SUB_PCBA,0,DAYS,-37003
160-1287,2000,SUB_PCBA,0,DAYS,0
285-0109,1000,2000,0,DAYS,0
300-0212,1000,2000,0,DAYS,-450
300-0355,1000,2000,0,DAYS,-5949
301-0046-CD,1000,2000,0,DAYS,0
300-0144,1000,2000,0,DAYS,-5742
310-0362,1000,2000,0,DAYS,-8848
300-0214,1000,2000,0,DAYS,-289
160-1291,1000,SUB_PCBA,0,DAYS,-55423
280-0932,1000,2000,0,DAYS,0
310-0407,1000,2000,0,DAYS,0
310-0494-020,1000,2000,0,DAYS,-3391
302-0004,1000,5000,0,DAYS,-503694
302-0004,1000,2000,0,DAYS,-503694
280-0933,1000,2000,0,DAYS,0
280-1018,1000,2000,0,DAYS,0
320-0109,1000,2000,0,DAYS,-6300
282-0041,1000,SUB_PCBA,0,DAYS,0
282-0041,2000,SUB_PCBA,0,DAYS,-41752
302-0006,1000,2000,0,DAYS,-28045
310-0474,1000,2000,0,DAYS,-1874
320-0248,1000,2000,0,DAYS,-709
282-0041,1000,2000,0,DAYS,0
283-0080,1000,2000,0,DAYS,-8
283-0212-29-CD,1000,2000,0,DAYS,0
310-0573,1000,2000,0,DAYS,0
310-0573,1000,5000,0,DAYS,0
310-0574,1000,5000,0,DAYS,0
310-0574,1000,2000,0,DAYS,0
310-0577,1000,2000,0,DAYS,-5310
310-0724,1000,2000,0,DAYS,0
320-0284,1000,5000,0,DAYS,-477305
287-0003,1000,2000,0,DAYS,-908
311-0260,1000,2000,0,DAYS,0
311-0276,1000,2000,0,DAYS,0
311-0276,1000,5000,0,DAYS,0
311-0437,1000,2000,0,DAYS,0
320-0284,1000,2000,0,DAYS,-477305
287-0003,1000,5000,0,DAYS,-908
300-0150,1000,5000,0,DAYS,0
300-0150,1000,2000,0,DAYS,0
320-0493,1000,2000,0,DAYS,0
300-0316,1000,2000,0,DAYS,-663
320-0493,1000,5000,0,DAYS,0
320-0493,1000,SUB_PCBA,0,DAYS,0
320-0493,2000,SUB_PCBA,0,DAYS,-104332
321-0172,1000,2000,0,DAYS,0
341-0027,1000,2000,0,DAYS,0
341-0036,1000,2000,0,DAYS,-30264
341-0063,1000,2000,0,DAYS,0
504-1406,1000,SUB_PCBA,0,DAYS,0
504-1406,2000,SUB_PCBA,0,DAYS,0
320-0438,1000,2000,0,DAYS,0
310-0357,1000,2000,0,DAYS,-197
320-0438,1000,SUB_PCBA,0,DAYS,0
320-0438,2000,SUB_PCBA,0,DAYS,-42002
340-0063,1000,2000,0,DAYS,-714
310-0494-010,1000,2000,0,DAYS,-1320
311-0244,1000,5000,0,DAYS,0
311-0244,1000,2000,0,DAYS,0
320-0443,1000,2000,0,DAYS,0
320-0443,1000,SUB_PCBA,0,DAYS,0
320-0443,2000,SUB_PCBA,0,DAYS,-32720
320-0836,1000,2000,0,DAYS,0
504-1828,1000,SUB_PCBA,0,DAYS,0
504-1828,2000,SUB_PCBA,0,DAYS,0
100-0033,1000,SUB_PCBA,0,DAYS,-5506340
100-0033,2000,SUB_PCBA,0,DAYS,0
100-0038,1000,5000,0,DAYS,-8673622
100-0038,1000,2000,0,DAYS,-8673622
100-0038,1000,SUB_PCBA,0,DAYS,-8673622
100-0038,2000,SUB_PCBA,0,DAYS,-8120
100-0061,1000,SUB_PCBA,0,DAYS,-18068259
100-0061,2000,SUB_PCBA,0,DAYS,-147980
100-0061,1000,5000,0,DAYS,-18068259
100-0061,1000,2000,0,DAYS,-18068259
110-0063,1000,SUB_PCBA,0,DAYS,-21841
110-0063,2000,SUB_PCBA,0,DAYS,0
110-0063,1000,2000,0,DAYS,-21841
110-0213,1000,2000,0,DAYS,-533146
110-0213,1000,SUB_PCBA,0,DAYS,-533146
110-0213,2000,SUB_PCBA,0,DAYS,0
110-0249,1000,SUB_PCBA,0,DAYS,-147557
110-0249,2000,SUB_PCBA,0,DAYS,0
110-0249,1000,2000,0,DAYS,-147557
110-0267,1000,2000,0,DAYS,-207515
110-0267,1000,SUB_PCBA,0,DAYS,-207515
110-0267,2000,SUB_PCBA,0,DAYS,0
110-0377,1000,SUB_PCBA,0,DAYS,-19369248
110-0377,2000,SUB_PCBA,0,DAYS,-344912
110-0377,1000,2000,0,DAYS,-19369248
110-0460,1000,2000,0,DAYS,-6073862
110-0460,1000,SUB_PCBA,0,DAYS,-6073862
110-0460,2000,SUB_PCBA,0,DAYS,0
110-0566,1000,SUB_PCBA,0,DAYS,-11465040
110-0566,2000,SUB_PCBA,0,DAYS,-150698
110-0566,1000,2000,0,DAYS,-11465040
120-0202,1000,2000,0,DAYS,-438354
120-0202,1000,SUB_PCBA,0,DAYS,-438354
120-0202,2000,SUB_PCBA,0,DAYS,0
120-0215,1000,SUB_PCBA,0,DAYS,-520576
120-0215,2000,SUB_PCBA,0,DAYS,0
120-0215,1000,2000,0,DAYS,-520576
120-0224,1000,2000,0,DAYS,-30547
120-0224,1000,SUB_PCBA,0,DAYS,-30547
120-0224,2000,SUB_PCBA,0,DAYS,0
120-0248,1000,SUB_PCBA,0,DAYS,-9055784
120-0248,2000,SUB_PCBA,0,DAYS,0
120-0248,1000,2000,0,DAYS,-9055784
120-0310,1000,2000,0,DAYS,-24202
120-0310,1000,SUB_PCBA,0,DAYS,-24202
120-0310,2000,SUB_PCBA,0,DAYS,0
140-0113,1000,SUB_PCBA,0,DAYS,-144429
140-0113,2000,SUB_PCBA,0,DAYS,0
140-0113,1000,2000,0,DAYS,-144429
140-0310,1000,2000,0,DAYS,-87709
140-0310,1000,SUB_PCBA,0,DAYS,-87709
140-0310,2000,SUB_PCBA,0,DAYS,0
140-0338,1000,SUB_PCBA,0,DAYS,-125962
140-0338,2000,SUB_PCBA,0,DAYS,0
140-0338,1000,2000,0,DAYS,-125962
140-0403,1000,2000,0,DAYS,-292
140-0477,1000,2000,0,DAYS,-246681
140-0477,1000,SUB_PCBA,0,DAYS,-246681
140-0477,2000,SUB_PCBA,0,DAYS,0
140-1016,1000,2000,0,DAYS,-2884
140-1016,1000,SUB_PCBA,0,DAYS,-2884
140-1016,2000,SUB_PCBA,0,DAYS,0
160-1237,1000,2000,0,DAYS,-40316
160-1237,1000,SUB_PCBA,0,DAYS,-40316
160-1237,2000,SUB_PCBA,0,DAYS,0
220-0134-002,1000,2000,0,DAYS,-291
280-0511-05,1000,2000,0,DAYS,0
280-0696,1000,2000,0,DAYS,0
280-1011,1000,2000,0,DAYS,-1767
281-0009,1000,2000,0,DAYS,0
282-0333,1000,2000,0,DAYS,0
283-0046-31,1000,2000,0,DAYS,-133844
283-0098,1000,2000,0,DAYS,-1105
310-0229,1000,2000,0,DAYS,-622
310-0300,1000,2000,0,DAYS,-31296
310-0417,1000,2000,0,DAYS,-299
311-0005,1000,2000,0,DAYS,-624
311-0252,1000,2000,0,DAYS,0
320-0550,1000,5000,0,DAYS,0
320-0550,1000,2000,0,DAYS,0
320-0759,1000,2000,0,DAYS,0
321-0059,1000,2000,0,DAYS,0
340-0071,1000,2000,0,DAYS,0
